country,year,month,year_month,avg_temp,max_temp,total_precip,avg_humidity,obs_count
Afghanistan,2024,5,2024-05,20.05625,24.3,1.835,38.40625,16
Afghanistan,2024,6,2024-06,25.59,32.9,2.18,24.833333333333332,30
Afghanistan,2024,7,2024-07,31.303448275862067,36.1,0.01,17.93103448275862,29
Afghanistan,2024,8,2024-08,30.848387096774193,34.7,1.15,20.548387096774192,31
Afghanistan,2024,9,2024-09,28.216666666666665,32.3,0.43000000000000005,13.733333333333333,30
Afghanistan,2024,10,2024-10,21.98709677419355,26.8,3.15,21.70967741935484,31
Afghanistan,2024,11,2024-11,15.67,23.7,0.06,27.466666666666665,30
Afghanistan,2024,12,2024-12,7.174193548387097,10.3,0.01,22.387096774193548,31
Afghanistan,2025,1,2025-01,1.3129032258064517,5.6,2.31,58.87096774193548,31
Afghanistan,2025,2,2025-02,4.789285714285714,8.2,1.42,47.857142857142854,28
Afghanistan,2025,3,2025-03,11.993548387096775,21.0,1.98,33.03225806451613,31
Afghanistan,2025,4,2025-04,22.986666666666668,29.0,0.04,18.4,30
Afghanistan,2025,5,2025-05,27.26774193548387,31.4,4.3500000000000005,17.483870967741936,31
Afghanistan,2025,6,2025-06,31.013333333333332,34.6,0.06999999999999999,13.0,30
Afghanistan,2025,7,2025-07,32.880645161290325,36.3,0.02,11.741935483870968,31
Afghanistan,2025,8,2025-08,30.480645161290322,32.5,0.0,15.35483870967742,31
Afghanistan,2025,9,2025-09,26.97142857142857,28.9,0.0,17.821428571428573,28
Albania,2024,5,2024-05,25.75,29.0,4.97,56.78125,16
Albania,2024,6,2024-06,30.84333333333333,38.2,1.6,45.766666666666666,30
Albania,2024,7,2024-07,34.63793103448276,39.2,3.17,37.0,29
Albania,2024,8,2024-08,34.980645161290326,38.1,0.69,32.12903225806452,31
Albania,2024,9,2024-09,27.516666666666666,36.2,11.68,48.266666666666666,30
Albania,2024,10,2024-10,21.835483870967742,26.3,4.39,56.806451612903224,31
Albania,2024,11,2024-11,13.783333333333333,20.0,2.59,59.13333333333333,30
Albania,2024,12,2024-12,11.741935483870968,15.2,9.71,62.58064516129032,31
Albania,2025,1,2025-01,13.425806451612903,18.3,3.2799999999999994,58.96774193548387,31
Albania,2025,2,2025-02,12.428571428571429,15.2,0.5700000000000001,52.42857142857143,28
Albania,2025,3,2025-03,16.067741935483873,25.4,7.45,51.61290322580645,31
Albania,2025,4,2025-04,18.403333333333332,25.2,4.32,49.833333333333336,30
Albania,2025,5,2025-05,21.664516129032258,25.3,6.58,50.96774193548387,31
Albania,2025,6,2025-06,29.323333333333334,34.2,0.0,38.36666666666667,30
Albania,2025,7,2025-07,30.361290322580647,35.3,0.45999999999999996,36.58064516129032,31
Albania,2025,8,2025-08,28.22258064516129,34.0,0.27,44.32258064516129,31
Albania,2025,9,2025-09,23.775000000000002,27.3,0.82,59.392857142857146,28
Algeria,2024,5,2024-05,26.25,34.0,0.01,46.4375,16
Algeria,2024,6,2024-06,27.89,35.0,0.0,46.733333333333334,30
Algeria,2024,7,2024-07,30.29642857142857,37.3,0.0,53.82142857142857,28
Algeria,2024,8,2024-08,31.483870967741936,37.0,0.0,51.74193548387097,31
Algeria,2024,9,2024-09,28.43,38.2,0.55,50.63333333333333,30
Algeria,2024,10,2024-10,23.76774193548387,29.4,0.78,62.12903225806452,31
Algeria,2024,11,2024-11,19.44333333333333,25.3,2.57,66.3,30
Algeria,2024,12,2024-12,14.748387096774193,19.0,1.87,61.58064516129032,31
Algeria,2025,1,2025-01,15.019354838709678,21.2,3.11,63.03225806451613,31
Algeria,2025,2,2025-02,15.424999999999999,22.2,1.4200000000000002,65.78571428571429,28
Algeria,2025,3,2025-03,17.616129032258065,23.1,1.2999999999999998,60.96774193548387,31
Algeria,2025,4,2025-04,19.7,25.1,2.0,59.13333333333333,30
Algeria,2025,5,2025-05,22.274193548387096,28.4,2.87,60.29032258064516,31
Algeria,2025,6,2025-06,28.503333333333334,33.3,0.0,55.1,30
Algeria,2025,7,2025-07,29.34193548387097,35.4,0.13,55.806451612903224,31
Algeria,2025,8,2025-08,27.712903225806453,31.3,0.0,55.225806451612904,31
Algeria,2025,9,2025-09,24.353571428571428,32.3,0.18,69.25,28
Andorra,2024,5,2024-05,12.80625,19.4,5.72,60.40625,16
Andorra,2024,6,2024-06,17.459999999999997,24.8,5.41,53.2,30
Andorra,2024,7,2024-07,24.010344827586206,28.9,3.19,37.44827586206897,29
Andorra,2024,8,2024-08,23.416129032258063,28.3,4.03,42.16129032258065,31
Andorra,2024,9,2024-09,14.58,20.6,9.33,55.03333333333333,30
Andorra,2024,10,2024-10,11.593548387096773,18.7,1.1400000000000001,67.0,31
Andorra,2024,11,2024-11,6.1433333333333335,12.6,2.6100000000000003,74.63333333333334,30
Andorra,2024,12,2024-12,2.9645161290322584,11.2,2.17,69.38709677419355,31
Andorra,2025,1,2025-01,2.035483870967742,8.6,3.73,66.48387096774194,31
Andorra,2025,2,2025-02,4.128571428571428,8.9,1.4,67.60714285714286,28
Andorra,2025,3,2025-03,1.1806451612903226,14.1,6.43,82.51612903225806,31
Andorra,2025,4,2025-04,7.21,14.1,5.97,63.7,30
Andorra,2025,5,2025-05,11.038709677419355,24.0,4.07,54.87096774193548,31
Andorra,2025,6,2025-06,21.09333333333333,26.3,1.3800000000000001,43.03333333333333,30
Andorra,2025,7,2025-07,19.07741935483871,24.8,2.67,50.41935483870968,31
Andorra,2025,8,2025-08,20.793548387096774,27.0,2.02,44.96774193548387,31
Andorra,2025,9,2025-09,14.049999999999999,22.1,1.09,62.392857142857146,28
Angola,2024,5,2024-05,29.09375,32.0,0.0,69.375,16
Angola,2024,6,2024-06,26.55,29.3,0.0,68.33333333333333,30
Angola,2024,7,2024-07,24.475862068965515,26.3,0.0,67.0,29
Angola,2024,8,2024-08,24.458064516129035,29.1,0.0,67.83870967741936,31
Angola,2024,9,2024-09,25.956666666666667,29.4,0.02,68.03333333333333,30
Angola,2024,10,2024-10,26.251612903225805,28.2,0.27,73.58064516129032,31
Angola,2024,11,2024-11,27.296666666666667,30.4,0.8600000000000001,76.1,30
Angola,2024,12,2024-12,27.758064516129032,30.4,5.73,76.96774193548387,31
Angola,2025,1,2025-01,29.38064516129032,31.3,1.72,67.19354838709677,31
Angola,2025,2,2025-02,29.264285714285712,32.2,1.78,69.75,28
Angola,2025,3,2025-03,29.548387096774192,31.3,0.2,69.41935483870968,31
Angola,2025,4,2025-04,28.626666666666665,31.3,3.0900000000000003,73.93333333333334,30
Angola,2025,5,2025-05,27.861290322580647,31.2,1.29,76.7741935483871,31
Angola,2025,6,2025-06,25.203333333333333,27.3,0.01,75.26666666666667,30
Angola,2025,7,2025-07,22.293548387096774,25.0,0.0,74.80645161290323,31
Angola,2025,8,2025-08,21.019354838709678,24.3,0.030000000000000002,79.38709677419355,31
Angola,2025,9,2025-09,22.707142857142856,24.4,0.08,79.82142857142857,28
Antigua And Barbuda,2024,5,2024-05,29.53125,31.0,1.6400000000000001,72.40625,16
Antigua And Barbuda,2024,6,2024-06,29.92758620689655,31.4,1.22,72.34482758620689,29
Antigua And Barbuda,2024,7,2024-07,28.675,30.4,3.0,76.85714285714286,28
Antigua And Barbuda,2024,8,2024-08,28.774193548387096,30.4,3.6100000000000003,76.41935483870968,31
Antigua And Barbuda,2024,9,2024-09,27.709999999999997,30.4,3.69,81.46666666666667,30
Antigua And Barbuda,2024,10,2024-10,27.72258064516129,29.0,2.66,77.0,31
Antigua And Barbuda,2024,11,2024-11,26.389655172413793,28.6,4.36,83.82758620689656,29
Antigua And Barbuda,2024,12,2024-12,25.606451612903225,27.3,5.29,76.7741935483871,31
Antigua And Barbuda,2025,1,2025-01,24.436666666666667,26.4,2.08,80.8,30
Antigua And Barbuda,2025,2,2025-02,24.67142857142857,25.4,6.09,75.85714285714286,28
Antigua And Barbuda,2025,3,2025-03,24.506451612903227,26.7,1.8499999999999999,78.74193548387096,31
Antigua And Barbuda,2025,4,2025-04,24.946666666666665,26.5,1.46,79.46666666666667,30
Antigua And Barbuda,2025,5,2025-05,26.129032258064516,27.4,1.18,82.19354838709677,31
Antigua And Barbuda,2025,6,2025-06,26.8,27.4,1.43,76.76666666666667,30
Antigua And Barbuda,2025,7,2025-07,26.81935483870968,28.1,5.5,79.48387096774194,31
Antigua And Barbuda,2025,8,2025-08,27.62258064516129,28.4,2.4699999999999998,79.29032258064517,31
Antigua And Barbuda,2025,9,2025-09,26.97142857142857,28.3,5.32,81.89285714285714,28
Argentina,2024,5,2024-05,11.34375,16.0,0.02,75.09375,16
Argentina,2024,6,2024-06,13.55,24.2,1.35,79.43333333333334,30
Argentina,2024,7,2024-07,6.796428571428572,15.9,0.0,78.32142857142857,28
Argentina,2024,8,2024-08,9.764516129032257,23.4,6.359999999999999,84.83870967741936,31
Argentina,2024,9,2024-09,12.383333333333333,19.4,0.44,82.06666666666666,30
Argentina,2024,10,2024-10,14.780645161290321,21.2,0.78,84.38709677419355,31
Argentina,2024,11,2024-11,17.709999999999997,22.4,1.6,83.9,30
Argentina,2024,12,2024-12,17.838709677419356,22.2,1.6,74.61290322580645,31
Argentina,2025,1,2025-01,21.716666666666665,26.1,0.09,77.33333333333333,30
Argentina,2025,2,2025-02,21.567857142857143,27.2,4.710000000000001,81.85714285714286,28
Argentina,2025,3,2025-03,18.551612903225806,27.3,8.15,88.58064516129032,31
Argentina,2025,4,2025-04,13.693333333333333,20.2,0.61,87.46666666666667,30
Argentina,2025,5,2025-05,13.296774193548387,20.3,6.109999999999999,89.61290322580645,31
Argentina,2025,6,2025-06,7.88,12.4,0.43000000000000005,81.23333333333333,30
Argentina,2025,7,2025-07,8.98709677419355,16.2,3.61,86.12903225806451,31
Argentina,2025,8,2025-08,10.277419354838708,17.3,2.4499999999999997,84.6774193548387,31
Argentina,2025,9,2025-09,11.089285714285714,18.2,1.81,87.28571428571429,28
Armenia,2024,5,2024-05,23.1875,31.0,3.595,32.28125,16
Armenia,2024,6,2024-06,31.30666666666667,36.4,3.48,20.7,30
Armenia,2024,7,2024-07,31.858620689655172,38.2,1.29,29.17241379310345,29
Armenia,2024,8,2024-08,34.13225806451613,39.3,0.08,22.193548387096776,31
Armenia,2024,9,2024-09,27.65666666666667,35.2,0.76,28.966666666666665,30
Armenia,2024,10,2024-10,18.35483870967742,26.3,1.7499999999999998,36.903225806451616,31
Armenia,2024,11,2024-11,10.886666666666667,16.2,1.26,49.53333333333333,30
Armenia,2024,12,2024-12,4.696774193548387,8.1,1.23,55.74193548387097,31
Armenia,2025,1,2025-01,3.3548387096774195,7.4,0.0,53.67741935483871,31
Armenia,2025,2,2025-02,3.5392857142857146,10.3,1.58,48.17857142857143,28
Armenia,2025,3,2025-03,14.51290322580645,23.3,3.54,32.38709677419355,31
Armenia,2025,4,2025-04,17.06,24.3,1.26,42.8,30
Armenia,2025,5,2025-05,23.58709677419355,27.2,2.0300000000000002,34.83870967741935,31
Armenia,2025,6,2025-06,27.43,32.3,0.33,23.866666666666667,30
Armenia,2025,7,2025-07,31.129032258064516,35.3,0.13,27.096774193548388,31
Armenia,2025,8,2025-08,31.019354838709678,35.2,0.05,28.096774193548388,31
Armenia,2025,9,2025-09,23.571428571428573,31.3,0.36,36.107142857142854,28
Australia,2024,5,2024-05,3.5,9.0,0.22,92.67857142857143,14
Australia,2024,6,2024-06,4.062068965517241,11.2,0.66,91.29310344827586,29
Australia,2024,7,2024-07,4.403448275862069,9.4,2.44,89.82758620689656,29
Australia,2024,8,2024-08,7.738709677419355,14.4,10.23,86.09677419354838,31
Australia,2024,9,2024-09,10.606666666666666,19.1,0.6,64.03333333333333,30
Australia,2024,10,2024-10,11.23225806451613,15.3,0.08,70.87096774193549,31
Australia,2024,11,2024-11,17.373333333333335,23.2,3.6,65.1,30
Australia,2024,12,2024-12,17.074193548387097,27.2,2.27,67.70967741935483,31
Australia,2025,1,2025-01,18.970967741935485,27.2,1.6900000000000002,73.70967741935483,31
Australia,2025,2,2025-02,20.724999999999998,28.2,0.95,67.39285714285714,28
Australia,2025,3,2025-03,19.861290322580647,25.4,0.54,69.03225806451613,31
Australia,2025,4,2025-04,16.113333333333333,21.1,1.71,63.233333333333334,30
Australia,2025,5,2025-05,11.029032258064515,17.3,1.36,73.7741935483871,31
Australia,2025,6,2025-06,5.676666666666667,11.2,0.49,79.5,30
Australia,2025,7,2025-07,7.951612903225806,11.4,7.330000000000001,77.48387096774194,31
Australia,2025,8,2025-08,10.183870967741935,18.3,1.02,67.06451612903226,31
Australia,2025,9,2025-09,13.832142857142857,20.4,15.03,55.214285714285715,28
Austria,2024,5,2024-05,20.90625,25.0,2.13,60.34375,16
Austria,2024,6,2024-06,24.936666666666667,34.3,3.02,53.43333333333333,30
Austria,2024,7,2024-07,28.482142857142858,35.5,0.68,41.07142857142857,28
Austria,2024,8,2024-08,29.43548387096774,34.3,0.48,43.32258064516129,31
Austria,2024,9,2024-09,20.09333333333333,34.1,12.639999999999999,60.1,30
Austria,2024,10,2024-10,13.583870967741934,19.0,0.6799999999999999,73.48387096774194,31
Austria,2024,11,2024-11,5.87,12.2,0.9,72.63333333333334,30
Austria,2024,12,2024-12,4.377419354838709,12.2,1.17,73.41935483870968,31
Austria,2025,1,2025-01,3.351612903225807,12.1,1.02,76.70967741935483,31
Austria,2025,2,2025-02,2.6392857142857147,8.2,0.11,64.53571428571429,28
Austria,2025,3,2025-03,9.125806451612902,16.3,2.04,64.03225806451613,31
Austria,2025,4,2025-04,13.806666666666667,21.1,2.17,61.7,30
Austria,2025,5,2025-05,14.906451612903227,23.4,3.12,62.806451612903224,31
Austria,2025,6,2025-06,22.98,29.2,4.359999999999999,55.2,30
Austria,2025,7,2025-07,22.529032258064515,31.3,4.33,60.645161290322584,31
Austria,2025,8,2025-08,21.4741935483871,29.3,0.8200000000000001,59.96774193548387,31
Austria,2025,9,2025-09,17.282142857142855,22.3,1.1400000000000001,75.21428571428571,28
Azerbaijan,2024,5,2024-05,21.125,28.0,0.2,50.96875,16
Azerbaijan,2024,6,2024-06,28.766666666666666,31.6,0.07,47.13333333333333,30
Azerbaijan,2024,7,2024-07,30.5,34.3,0.35000000000000003,46.06896551724138,29
Azerbaijan,2024,8,2024-08,30.61935483870968,35.2,0.12,44.41935483870968,31
Azerbaijan,2024,9,2024-09,26.855172413793102,33.2,0.0,45.793103448275865,29
Azerbaijan,2024,10,2024-10,19.04516129032258,25.0,2.26,66.7741935483871,31
Azerbaijan,2024,11,2024-11,13.28,19.1,1.2,71.26666666666667,30
Azerbaijan,2024,12,2024-12,9.48709677419355,12.3,1.17,72.16129032258064,31
Azerbaijan,2025,1,2025-01,9.3,13.1,0.07,72.03225806451613,31
Azerbaijan,2025,2,2025-02,5.121428571428572,12.2,0.46,74.10714285714286,28
Azerbaijan,2025,3,2025-03,13.061290322580646,23.3,0.1,60.38709677419355,31
Azerbaijan,2025,4,2025-04,17.003333333333334,28.4,3.29,60.5,30
Azerbaijan,2025,5,2025-05,23.048387096774192,32.3,0.0,52.516129032258064,31
Azerbaijan,2025,6,2025-06,26.543333333333333,29.3,0.0,50.766666666666666,30
Azerbaijan,2025,7,2025-07,31.383870967741935,37.2,0.0,46.16129032258065,31
Azerbaijan,2025,8,2025-08,31.69677419354839,37.1,0.54,44.67741935483871,31
Azerbaijan,2025,9,2025-09,24.642857142857142,34.2,1.4400000000000002,58.25,28
Bahamas,2024,5,2024-05,28.8125,32.0,0.5499999999999999,73.0,16
Bahamas,2024,6,2024-06,28.548275862068966,30.4,4.75,78.48275862068965,29
Bahamas,2024,7,2024-07,29.0,30.4,1.72,77.17857142857143,28
Bahamas,2024,8,2024-08,28.42258064516129,29.5,6.1899999999999995,78.90322580645162,31
Bahamas,2024,9,2024-09,27.62,30.4,1.35,85.16666666666667,30
Bahamas,2024,10,2024-10,26.803333333333335,29.3,0.27,77.53333333333333,30
Bahamas,2024,11,2024-11,24.555172413793105,27.2,4.65,76.20689655172414,29
Bahamas,2024,12,2024-12,22.64516129032258,24.8,0.0,79.09677419354838,31
Bahamas,2025,1,2025-01,20.19,24.2,0.0,79.7,30
Bahamas,2025,2,2025-02,20.900000000000002,24.4,0.0,87.21428571428571,28
Bahamas,2025,3,2025-03,20.08709677419355,25.1,1.56,82.2258064516129,31
Bahamas,2025,4,2025-04,23.026666666666664,25.2,0.0,74.03333333333333,30
Bahamas,2025,5,2025-05,25.266666666666666,27.3,0.0,81.96666666666667,30
Bahamas,2025,6,2025-06,27.003333333333334,28.4,0.0,80.26666666666667,30
Bahamas,2025,7,2025-07,27.03548387096774,29.2,0.0,83.2258064516129,31
Bahamas,2025,8,2025-08,27.90967741935484,30.1,4.04,82.03225806451613,31
Bahamas,2025,9,2025-09,26.646428571428572,29.2,10.85,88.67857142857143,28
Bahrain,2024,5,2024-05,34.3125,37.0,0.0,39.28125,16
Bahrain,2024,6,2024-06,36.983333333333334,42.1,0.0,44.36666666666667,30
Bahrain,2024,7,2024-07,37.88965517241379,43.3,0.0,44.6551724137931,29
Bahrain,2024,8,2024-08,36.94193548387097,43.2,0.0,56.225806451612904,31
Bahrain,2024,9,2024-09,37.18,41.2,0.0,45.13333333333333,30
Bahrain,2024,10,2024-10,31.067741935483873,38.3,0.0,54.67741935483871,31
Bahrain,2024,11,2024-11,27.14,29.2,0.0,59.1,30
Bahrain,2024,12,2024-12,21.283870967741933,25.3,0.0,56.32258064516129,31
Bahrain,2025,1,2025-01,20.125806451612902,22.3,0.01,52.225806451612904,31
Bahrain,2025,2,2025-02,19.853571428571428,23.4,0.14,55.714285714285715,28
Bahrain,2025,3,2025-03,24.06451612903226,31.1,0.04,47.74193548387097,31
Bahrain,2025,4,2025-04,31.94,40.3,0.0,32.1,30
Bahrain,2025,5,2025-05,36.099999999999994,45.3,0.0,29.258064516129032,31
Bahrain,2025,6,2025-06,37.75,43.2,0.0,31.233333333333334,30
Bahrain,2025,7,2025-07,38.97096774193548,42.3,0.0,34.74193548387097,31
Bahrain,2025,8,2025-08,39.141935483870974,42.2,0.0,44.87096774193548,31
Bahrain,2025,9,2025-09,36.721428571428575,40.4,0.0,45.035714285714285,28
Bangladesh,2024,5,2024-05,31.3125,36.3,13.23,63.9375,16
Bangladesh,2024,6,2024-06,30.12,32.0,14.08,74.46666666666667,30
Bangladesh,2024,7,2024-07,30.185714285714287,33.5,10.27,74.57142857142857,28
Bangladesh,2024,8,2024-08,28.961290322580645,31.7,18.61,78.61290322580645,31
Bangladesh,2024,9,2024-09,31.196666666666665,36.8,19.69,67.7,30
Bangladesh,2024,10,2024-10,31.151612903225807,33.8,9.39,58.225806451612904,31
Bangladesh,2024,11,2024-11,29.983333333333334,33.0,0.0,37.46666666666667,30
Bangladesh,2024,12,2024-12,26.451612903225808,28.4,0.0,28.774193548387096,31
Bangladesh,2025,1,2025-01,26.94193548387097,30.3,0.0,27.516129032258064,31
Bangladesh,2025,2,2025-02,30.34642857142857,32.5,0.0,21.607142857142858,28
Bangladesh,2025,3,2025-03,35.74516129032258,40.0,0.0,17.516129032258064,31
Bangladesh,2025,4,2025-04,37.36,40.5,1.68,26.733333333333334,30
Bangladesh,2025,5,2025-05,34.858064516129026,42.2,31.460000000000004,45.12903225806452,31
Bangladesh,2025,6,2025-06,33.217241379310344,38.0,7.05,59.03448275862069,29
Bangladesh,2025,7,2025-07,31.55806451612903,35.6,22.2,67.25806451612904,31
Bangladesh,2025,8,2025-08,31.80322580645161,34.8,17.95,63.54838709677419,31
Bangladesh,2025,9,2025-09,32.65714285714286,36.6,9.35,59.67857142857143,28
Barbados,2024,5,2024-05,29.625,33.0,0.78,77.34375,16
Barbados,2024,6,2024-06,29.403333333333332,30.4,2.82,78.16666666666667,30
Barbados,2024,7,2024-07,28.727586206896554,30.3,10.53,79.65517241379311,29
Barbados,2024,8,2024-08,28.716129032258067,30.4,3.96,79.16129032258064,31
Barbados,2024,9,2024-09,28.326666666666664,31.4,4.35,84.06666666666666,30
Barbados,2024,10,2024-10,27.83225806451613,29.4,3.8000000000000003,81.87096774193549,31
Barbados,2024,11,2024-11,27.74137931034483,29.3,12.71,82.58620689655173,29
Barbados,2024,12,2024-12,26.138709677419353,28.2,3.0300000000000002,79.12903225806451,31
Barbados,2025,1,2025-01,25.626666666666665,27.3,3.8,79.53333333333333,30
Barbados,2025,2,2025-02,25.49285714285714,26.4,2.31,77.42857142857143,28
Barbados,2025,3,2025-03,25.887096774193548,27.4,1.35,79.3225806451613,31
Barbados,2025,4,2025-04,25.966666666666665,27.4,1.82,81.86666666666666,30
Barbados,2025,5,2025-05,27.151612903225807,28.3,3.54,81.90322580645162,31
Barbados,2025,6,2025-06,27.113333333333333,28.2,2.63,81.66666666666667,30
Barbados,2025,7,2025-07,27.183870967741935,28.3,4.39,81.74193548387096,31
Barbados,2025,8,2025-08,27.726666666666667,28.4,2.92,77.56666666666666,30
Barbados,2025,9,2025-09,27.914285714285715,29.3,5.96,80.25,28
Belarus,2024,5,2024-05,22.8125,28.0,5.15,41.28125,16
Belarus,2024,6,2024-06,22.153333333333332,29.3,4.82,58.96666666666667,30
Belarus,2024,7,2024-07,24.29310344827586,31.7,11.08,60.172413793103445,29
Belarus,2024,8,2024-08,24.664516129032258,32.4,2.29,52.25806451612903,31
Belarus,2024,9,2024-09,22.42,28.3,0.51,49.9,30
Belarus,2024,10,2024-10,10.54516129032258,18.2,2.15,74.48387096774194,31
Belarus,2024,11,2024-11,3.2666666666666666,10.2,0.16,82.66666666666667,30
Belarus,2024,12,2024-12,0.8483870967741935,6.1,0.64,87.51612903225806,31
Belarus,2025,1,2025-01,1.2903225806451613,6.2,2.42,90.48387096774194,31
Belarus,2025,2,2025-02,-2.9785714285714286,4.3,0.34,71.46428571428571,28
Belarus,2025,3,2025-03,7.212903225806452,13.3,1.92,64.19354838709677,31
Belarus,2025,4,2025-04,11.139999999999999,25.3,0.42,54.333333333333336,30
Belarus,2025,5,2025-05,12.438709677419354,21.2,4.43,64.35483870967742,31
Belarus,2025,6,2025-06,17.913333333333334,24.2,5.4,66.26666666666667,30
Belarus,2025,7,2025-07,21.403225806451612,27.2,3.93,71.83870967741936,31
Belarus,2025,8,2025-08,19.14516129032258,25.3,1.73,64.38709677419355,31
Belarus,2025,9,2025-09,16.064285714285713,23.3,0.89,75.5,28
Belgium,2024,5,2024-05,16.375,19.0,4.5649999999999995,76.640625,16
Belgium,2024,6,2024-06,18.598275862068967,28.65,3.96,64.01724137931035,29
Belgium,2024,7,2024-07,21.524137931034485,29.3,3.265,61.51724137931034,29
Belgium,2024,8,2024-08,23.437096774193545,32.150000000000006,1.73,59.11290322580645,31
Belgium,2024,9,2024-09,18.236666666666668,28.9,4.155,72.93333333333334,30
Belgium,2024,10,2024-10,13.430645161290323,18.6,1.5550000000000002,84.24193548387096,31
Belgium,2024,11,2024-11,8.026666666666667,13.65,2.4250000000000003,87.46666666666667,30
Belgium,2024,12,2024-12,6.361290322580645,12.35,2.965,84.6774193548387,31
Belgium,2025,1,2025-01,3.9919354838709675,11.65,4.275,88.90322580645162,31
Belgium,2025,2,2025-02,4.878571428571428,14.25,0.9699999999999999,82.75,28
Belgium,2025,3,2025-03,8.637096774193548,14.65,0.115,71.14516129032258,31
Belgium,2025,4,2025-04,12.453333333333335,18.3,0.875,68.35,30
Belgium,2025,5,2025-05,15.288709677419355,20.8,3.065,64.46774193548387,31
Belgium,2025,6,2025-06,19.861666666666668,28.15,1.35,65.66666666666667,30
Belgium,2025,7,2025-07,20.453225806451613,31.700000000000003,3.9199999999999995,67.93548387096774,31
Belgium,2025,8,2025-08,18.80322580645161,26.65,1.29,71.01612903225806,31
Belgium,2025,9,2025-09,14.539285714285715,22.700000000000003,0.645,80.10714285714286,28
Belize,2024,5,2024-05,30.5,32.0,0.26,80.4375,16
Belize,2024,6,2024-06,27.683333333333334,31.0,7.96,91.56666666666666,30
Belize,2024,7,2024-07,25.768965517241377,30.2,2.71,95.13793103448276,29
Belize,2024,8,2024-08,23.79032258064516,24.9,1.31,97.70967741935483,31
Belize,2024,9,2024-09,24.32,28.3,4.029999999999999,96.26666666666667,30
Belize,2024,10,2024-10,22.426666666666666,25.2,3.64,96.53333333333333,30
Belize,2024,11,2024-11,20.97241379310345,23.1,4.3100000000000005,96.27586206896552,29
Belize,2024,12,2024-12,19.748387096774195,22.9,1.27,97.64516129032258,31
Belize,2025,1,2025-01,19.55666666666667,22.1,1.58,98.33333333333333,30
Belize,2025,2,2025-02,20.525000000000002,22.7,0.6,98.25,28
Belize,2025,3,2025-03,20.70967741935484,22.9,0.83,95.87096774193549,31
Belize,2025,4,2025-04,21.233333333333334,26.2,8.1,93.7,30
Belize,2025,5,2025-05,23.65666666666667,26.1,2.13,94.63333333333334,30
Belize,2025,6,2025-06,23.33,24.7,25.619999999999997,97.56666666666666,30
Belize,2025,7,2025-07,22.825806451612905,23.7,3.45,98.16129032258064,31
Belize,2025,8,2025-08,23.003225806451614,24.0,1.09,96.51612903225806,31
Belize,2025,9,2025-09,23.139285714285712,24.4,5.16,97.82142857142857,28
Benin,2024,5,2024-05,31.16875,33.0,1.155,71.75,16
Benin,2024,6,2024-06,29.709999999999997,32.1,4.33,75.03333333333333,30
Benin,2024,7,2024-07,28.114285714285717,30.4,4.72,74.39285714285714,28
Benin,2024,8,2024-08,28.135483870967743,29.6,2.78,70.74193548387096,31
Benin,2024,9,2024-09,28.42,30.2,4.69,76.53333333333333,30
Benin,2024,10,2024-10,28.093548387096774,30.3,5.33,79.12903225806451,31
Benin,2024,11,2024-11,28.81,31.1,1.19,78.1,30
Benin,2024,12,2024-12,31.39032258064516,34.4,0.0,55.0,31
Benin,2025,1,2025-01,30.916129032258063,34.4,0.16,67.58064516129032,31
Benin,2025,2,2025-02,30.682142857142857,32.3,1.2,76.25,28
Benin,2025,3,2025-03,31.20967741935484,32.4,2.66,74.2258064516129,31
Benin,2025,4,2025-04,29.733333333333334,32.4,0.55,77.33333333333333,30
Benin,2025,5,2025-05,29.293548387096774,31.4,5.46,77.7741935483871,31
Benin,2025,6,2025-06,27.326666666666664,30.2,1.93,83.56666666666666,30
Benin,2025,7,2025-07,26.135483870967743,28.2,13.0,84.58064516129032,31
Benin,2025,8,2025-08,25.387096774193548,27.3,5.02,87.25806451612904,31
Benin,2025,9,2025-09,25.692857142857143,27.2,6.44,89.32142857142857,28
Bhutan,2024,5,2024-05,11.753125,14.35,5.365,90.1875,16
Bhutan,2024,6,2024-06,12.803333333333335,14.5,8.15,95.56666666666666,30
Bhutan,2024,7,2024-07,15.146428571428572,17.6,13.77,94.32142857142857,28
Bhutan,2024,8,2024-08,14.580645161290322,16.2,22.81,93.12903225806451,31
Bhutan,2024,9,2024-09,15.2,21.0,16.6,83.5,30
Bhutan,2024,10,2024-10,14.558064516129033,17.8,8.39,65.70967741935483,31
Bhutan,2024,11,2024-11,11.093333333333334,14.9,0.77,51.06666666666667,30
Bhutan,2024,12,2024-12,6.1,10.7,0.16,55.96774193548387,31
Bhutan,2025,1,2025-01,8.119354838709677,13.1,0.74,50.0,31
Bhutan,2025,2,2025-02,5.878571428571428,11.1,5.44,66.17857142857143,28
Bhutan,2025,3,2025-03,11.887096774193548,17.5,3.25,44.516129032258064,31
Bhutan,2025,4,2025-04,14.22,18.2,10.8,50.93333333333333,30
Bhutan,2025,5,2025-05,15.154838709677419,20.1,15.77,67.29032258064517,31
Bhutan,2025,6,2025-06,18.886666666666667,23.6,17.51,64.13333333333334,30
Bhutan,2025,7,2025-07,20.0,23.8,16.02,64.41935483870968,31
Bhutan,2025,8,2025-08,18.338709677419356,22.6,19.09,72.90322580645162,31
Bhutan,2025,9,2025-09,18.74642857142857,22.6,12.57,64.28571428571429,28
Bolivia,2024,5,2024-05,20.1421875,25.9,0.005,51.375,16
Bolivia,2024,6,2024-06,21.245,24.75,0.045,45.85,30
Bolivia,2024,7,2024-07,15.670689655172414,22.6,0.15999999999999998,60.44827586206897,29
Bolivia,2024,8,2024-08,17.067741935483873,20.1,0.055,53.435483870967744,31
Bolivia,2024,9,2024-09,18.85666666666667,23.1,0.03,54.766666666666666,30
Bolivia,2024,10,2024-10,18.315,19.8,1.27,76.15,30
Bolivia,2024,11,2024-11,17.939655172413794,20.25,3.1899999999999995,85.72413793103448,29
Bolivia,2024,12,2024-12,17.770967741935483,19.700000000000003,2.94,85.91935483870968,31
Bolivia,2025,1,2025-01,17.138333333333332,18.8,8.485,89.7,30
Bolivia,2025,2,2025-02,17.125,17.9,5.615,89.23214285714286,28
Bolivia,2025,3,2025-03,17.0,18.25,9.435,94.53225806451613,31
Bolivia,2025,4,2025-04,16.529999999999998,18.25,5.805000000000001,92.73333333333333,30
Bolivia,2025,5,2025-05,16.125806451612902,18.4,2.82,85.29032258064517,31
Bolivia,2025,6,2025-06,14.606666666666666,16.9,1.6749999999999998,78.21666666666667,30
Bolivia,2025,7,2025-07,13.611290322580645,16.3,0.11,72.01612903225806,31
Bolivia,2025,8,2025-08,14.887096774193548,19.200000000000003,0.28500000000000003,64.96774193548387,31
Bolivia,2025,9,2025-09,17.560714285714287,20.35,3.675,72.875,28
Bosnia And Herzegovina,2024,5,2024-05,22.65625,26.0,11.76,50.78125,16
Bosnia And Herzegovina,2024,6,2024-06,27.326666666666664,35.4,3.5,44.46666666666667,30
Bosnia And Herzegovina,2024,7,2024-07,29.524137931034485,36.2,2.56,39.58620689655172,29
Bosnia And Herzegovina,2024,8,2024-08,30.425806451612903,37.2,10.1,36.903225806451616,31
Bosnia And Herzegovina,2024,9,2024-09,20.59333333333333,32.2,12.96,64.1,30
Bosnia And Herzegovina,2024,10,2024-10,17.0258064516129,20.8,2.0500000000000003,68.70967741935483,31
Bosnia And Herzegovina,2024,11,2024-11,7.056666666666667,15.3,1.57,76.8,30
Bosnia And Herzegovina,2024,12,2024-12,4.041935483870968,11.4,9.49,88.96774193548387,31
Bosnia And Herzegovina,2025,1,2025-01,4.264516129032257,16.0,1.88,78.54838709677419,31
Bosnia And Herzegovina,2025,2,2025-02,3.585714285714286,11.1,0.74,70.64285714285714,28
Bosnia And Herzegovina,2025,3,2025-03,9.23225806451613,16.1,7.62,67.7741935483871,31
Bosnia And Herzegovina,2025,4,2025-04,12.713333333333333,25.1,2.91,61.7,30
Bosnia And Herzegovina,2025,5,2025-05,15.938709677419356,20.2,1.85,59.225806451612904,31
Bosnia And Herzegovina,2025,6,2025-06,23.009999999999998,29.4,0.5800000000000001,49.733333333333334,30
Bosnia And Herzegovina,2025,7,2025-07,23.080645161290324,30.3,4.470000000000001,54.193548387096776,31
Bosnia And Herzegovina,2025,8,2025-08,19.69677419354839,26.1,4.83,67.7741935483871,31
Bosnia And Herzegovina,2025,9,2025-09,16.54285714285714,21.0,3.42,81.35714285714286,28
Botswana,2024,5,2024-05,26.0125,30.0,0.0,25.75,16
Botswana,2024,6,2024-06,22.153333333333332,28.0,0.06,28.2,30
Botswana,2024,7,2024-07,24.582758620689653,28.4,0.0,11.655172413793103,29
Botswana,2024,8,2024-08,26.967741935483872,32.6,0.0,15.612903225806452,31
Botswana,2024,9,2024-09,27.813333333333333,37.4,0.01,24.8,30
Botswana,2024,10,2024-10,27.406451612903226,34.4,0.52,26.64516129032258,31
Botswana,2024,11,2024-11,29.013333333333332,35.3,1.07,36.46666666666667,30
Botswana,2024,12,2024-12,31.809677419354838,38.4,3.1900000000000004,36.29032258064516,31
Botswana,2025,1,2025-01,29.393548387096775,34.8,2.56,45.25806451612903,31
Botswana,2025,2,2025-02,27.900000000000002,37.4,8.9,57.535714285714285,28
Botswana,2025,3,2025-03,26.16774193548387,31.6,0.66,57.41935483870968,31
Botswana,2025,4,2025-04,21.96333333333333,28.4,0.25,66.5,30
Botswana,2025,5,2025-05,17.725806451612904,22.2,0.0,57.70967741935484,31
Botswana,2025,6,2025-06,14.226666666666667,18.1,0.0,56.96666666666667,30
Botswana,2025,7,2025-07,15.251612903225807,19.2,0.0,52.03225806451613,31
Botswana,2025,8,2025-08,17.396774193548385,23.0,0.0,42.806451612903224,31
Botswana,2025,9,2025-09,21.417857142857144,26.8,0.01,47.142857142857146,28
Brazil,2024,5,2024-05,28.340625,31.7,10.77,80.53125,16
Brazil,2024,6,2024-06,29.413333333333334,32.1,2.53,65.76666666666667,30
Brazil,2024,7,2024-07,28.348275862068967,30.9,0.01,59.689655172413794,29
Brazil,2024,8,2024-08,28.5258064516129,32.0,0.03,51.74193548387097,31
Brazil,2024,9,2024-09,27.71333333333333,33.3,0.71,55.96666666666667,30
Brazil,2024,10,2024-10,24.709999999999997,27.8,0.35000000000000003,67.0,30
Brazil,2024,11,2024-11,24.944827586206895,28.8,3.12,73.82758620689656,29
Brazil,2024,12,2024-12,23.57741935483871,25.7,7.39,91.06451612903226,31
Brazil,2025,1,2025-01,22.53793103448276,24.4,3.9,94.44827586206897,29
Brazil,2025,2,2025-02,22.535714285714285,23.8,15.6,96.82142857142857,28
Brazil,2025,3,2025-03,22.5,24.3,12.2,97.87096774193549,31
Brazil,2025,4,2025-04,22.776666666666664,24.6,11.68,97.36666666666666,30
Brazil,2025,5,2025-05,22.648387096774194,24.4,4.430000000000001,96.83870967741936,31
Brazil,2025,6,2025-06,22.436666666666667,23.5,3.53,94.46666666666667,30
Brazil,2025,7,2025-07,22.338709677419356,24.1,2.94,84.19354838709677,31
Brazil,2025,8,2025-08,22.674193548387095,26.3,1.32,80.2258064516129,31
Brazil,2025,9,2025-09,23.767857142857142,27.1,2.1,74.14285714285714,28
Brunei Darussalam,2024,5,2024-05,27.833333333333332,30.0,15.395,95.06666666666666,15
Brunei Darussalam,2024,6,2024-06,26.75862068965517,29.4,19.28,95.3103448275862,29
Brunei Darussalam,2024,7,2024-07,27.372413793103448,30.4,12.48,88.89655172413794,29
Brunei Darussalam,2024,8,2024-08,26.864516129032257,30.2,26.34,85.70967741935483,31
Brunei Darussalam,2024,9,2024-09,29.10666666666667,31.4,9.54,77.9,30
Brunei Darussalam,2024,10,2024-10,28.809677419354838,31.2,14.09,78.96774193548387,31
Brunei Darussalam,2024,11,2024-11,29.459999999999997,32.4,19.44,76.7,30
Brunei Darussalam,2024,12,2024-12,27.75483870967742,29.4,17.3,83.54838709677419,31
Brunei Darussalam,2025,1,2025-01,27.980645161290322,31.2,15.1,82.61290322580645,31
Brunei Darussalam,2025,2,2025-02,27.875,30.3,14.79,82.46428571428571,28
Brunei Darussalam,2025,3,2025-03,28.951612903225808,31.3,14.37,80.45161290322581,31
Brunei Darussalam,2025,4,2025-04,30.073333333333334,32.2,22.3,74.66666666666667,30
Brunei Darussalam,2025,5,2025-05,30.93548387096774,32.4,13.79,70.12903225806451,31
Brunei Darussalam,2025,6,2025-06,31.33,34.3,8.87,65.43333333333334,30
Brunei Darussalam,2025,7,2025-07,31.603225806451615,33.4,4.279999999999999,66.80645161290323,31
Brunei Darussalam,2025,8,2025-08,30.30322580645161,33.4,14.51,70.54838709677419,31
Brunei Darussalam,2025,9,2025-09,30.664285714285715,33.2,16.580000000000002,68.57142857142857,28
Bulgaria,2024,5,2024-05,20.748958333333334,26.433333333333334,4.295,57.885416666666664,16
Bulgaria,2024,6,2024-06,29.97722222222222,34.85,13.173333333333332,39.00555555555555,30
Bulgaria,2024,7,2024-07,33.63793103448276,38.45,0.005,24.017241379310345,29
Bulgaria,2024,8,2024-08,32.49032258064516,39.0,2.82,26.93548387096774,31
Bulgaria,2024,9,2024-09,24.246666666666666,32.95,2.24,41.28333333333333,30
Bulgaria,2024,10,2024-10,17.90806451612903,26.55,0.865,42.46774193548387,31
Bulgaria,2024,11,2024-11,7.076666666666667,16.85,1.5750000000000002,61.61666666666667,30
Bulgaria,2024,12,2024-12,5.038709677419354,11.15,5.34,75.06451612903226,31
Bulgaria,2025,1,2025-01,5.47741935483871,12.15,0.75,66.04838709677419,31
Bulgaria,2025,2,2025-02,2.307142857142857,10.0,1.035,67.0,28
Bulgaria,2025,3,2025-03,12.432258064516128,22.05,3.045,54.983870967741936,31
Bulgaria,2025,4,2025-04,13.95,22.15,2.675,58.983333333333334,30
Bulgaria,2025,5,2025-05,17.7758064516129,23.65,5.85,57.5,31
Bulgaria,2025,6,2025-06,26.123333333333335,33.5,0.525,45.0,30
Bulgaria,2025,7,2025-07,29.30483870967742,34.95,0.355,33.435483870967744,31
Bulgaria,2025,8,2025-08,25.88064516129032,31.5,0.6033333333333334,40.516129032258064,31
Bulgaria,2025,9,2025-09,21.70654761904762,26.633333333333336,0.34999999999999976,49.83333333333333,28
Burkina Faso,2024,5,2024-05,38.16875,41.5,0.115,36.59375,16
Burkina Faso,2024,6,2024-06,35.61333333333334,39.9,0.0,42.86666666666667,30
Burkina Faso,2024,7,2024-07,31.139285714285712,35.1,10.76,61.57142857142857,28
Burkina Faso,2024,8,2024-08,29.103225806451615,31.5,6.09,67.12903225806451,31
Burkina Faso,2024,9,2024-09,29.23,34.3,5.84,68.5,30
Burkina Faso,2024,10,2024-10,29.44193548387097,32.3,1.24,63.12903225806452,31
Burkina Faso,2024,11,2024-11,27.416666666666668,32.3,0.0,30.366666666666667,30
Burkina Faso,2024,12,2024-12,28.38064516129032,33.1,0.0,16.70967741935484,31
Burkina Faso,2025,1,2025-01,28.17096774193548,32.3,0.0,17.06451612903226,31
Burkina Faso,2025,2,2025-02,29.482142857142858,35.2,0.0,17.25,28
Burkina Faso,2025,3,2025-03,33.400000000000006,36.0,0.0,36.903225806451616,31
Burkina Faso,2025,4,2025-04,32.52,35.2,0.0,45.63333333333333,30
Burkina Faso,2025,5,2025-05,30.593548387096774,34.3,0.0,58.61290322580645,31
Burkina Faso,2025,6,2025-06,28.6,31.4,0.03,69.2,30
Burkina Faso,2025,7,2025-07,26.34193548387097,28.4,0.33999999999999997,84.12903225806451,31
Burkina Faso,2025,8,2025-08,24.529032258064515,27.0,8.77,94.61290322580645,31
Burkina Faso,2025,9,2025-09,24.610714285714288,28.2,0.83,95.57142857142857,28
Burundi,2024,5,2024-05,26.778125,31.0,6.16,60.28125,16
Burundi,2024,6,2024-06,27.46333333333333,32.4,2.15,50.96666666666667,30
Burundi,2024,7,2024-07,27.57586206896552,32.2,0.16,43.3448275862069,29
Burundi,2024,8,2024-08,28.041935483870965,31.2,0.25,43.225806451612904,31
Burundi,2024,9,2024-09,30.103333333333335,33.3,0.9,44.2,30
Burundi,2024,10,2024-10,27.816129032258065,31.1,8.040000000000001,57.74193548387097,31
Burundi,2024,11,2024-11,25.81,29.1,11.84,68.53333333333333,30
Burundi,2024,12,2024-12,26.11935483870968,30.3,12.43,67.12903225806451,31
Burundi,2025,1,2025-01,26.716129032258067,30.2,6.109999999999999,62.41935483870968,31
Burundi,2025,2,2025-02,28.032142857142855,32.0,5.95,59.82142857142857,28
Burundi,2025,3,2025-03,26.190322580645162,31.3,9.46,65.03225806451613,31
Burundi,2025,4,2025-04,26.003333333333334,31.0,18.27,68.3,30
Burundi,2025,5,2025-05,24.26451612903226,28.4,11.46,69.12903225806451,31
Burundi,2025,6,2025-06,25.19,29.2,3.83,60.7,30
Burundi,2025,7,2025-07,23.516129032258064,28.3,1.06,55.354838709677416,31
Burundi,2025,8,2025-08,25.283870967741933,27.4,0.45,50.0,31
Burundi,2025,9,2025-09,26.92142857142857,30.3,0.44,45.57142857142857,28
Bélgica,2024,7,2024-07,17.4,17.4,0.12,63.0,1
Cambodia,2024,5,2024-05,30.375,34.0,9.030000000000001,79.0,16
Cambodia,2024,6,2024-06,29.35,33.0,2.7800000000000002,78.73333333333333,30
Cambodia,2024,7,2024-07,27.693103448275863,31.1,8.610000000000001,85.44827586206897,29
Cambodia,2024,8,2024-08,29.812903225806455,32.4,10.09,77.16129032258064,31
Cambodia,2024,9,2024-09,29.523333333333333,34.1,4.3500000000000005,85.36666666666666,30
Cambodia,2024,10,2024-10,30.787096774193547,33.3,10.23,72.70967741935483,31
Cambodia,2024,11,2024-11,31.82,34.3,2.14,62.233333333333334,30
Cambodia,2024,12,2024-12,29.080645161290324,32.4,2.67,65.19354838709677,31
Cambodia,2025,1,2025-01,30.486666666666668,33.4,0.01,49.36666666666667,30
Cambodia,2025,2,2025-02,33.17857142857143,35.3,2.3899999999999997,46.25,28
Cambodia,2025,3,2025-03,34.78387096774193,37.2,0.87,47.87096774193548,31
Cambodia,2025,4,2025-04,34.486666666666665,39.1,1.6300000000000001,57.13333333333333,30
Cambodia,2025,5,2025-05,33.11612903225806,37.3,2.85,69.16129032258064,31
Cambodia,2025,6,2025-06,32.20666666666667,36.2,5.24,73.3,30
Cambodia,2025,7,2025-07,32.20322580645161,36.1,2.44,73.45161290322581,31
Cambodia,2025,8,2025-08,32.2,37.1,5.66,72.41935483870968,31
Cambodia,2025,9,2025-09,30.767857142857142,35.6,7.3,68.75,28
Cameroon,2024,5,2024-05,29.45,32.0,5.42,61.8125,16
Cameroon,2024,6,2024-06,24.00357142857143,28.7,18.58,74.28571428571429,28
Cameroon,2024,7,2024-07,24.486206896551725,27.3,17.37,71.62068965517241,29
Cameroon,2024,8,2024-08,22.651612903225807,26.1,18.65,79.03225806451613,31
Cameroon,2024,9,2024-09,23.846666666666668,28.2,17.37,74.96666666666667,30
Cameroon,2024,10,2024-10,23.76774193548387,27.3,8.7,71.12903225806451,31
Cameroon,2024,11,2024-11,25.596666666666668,28.5,0.0,31.133333333333333,30
Cameroon,2024,12,2024-12,27.993548387096773,31.1,0.0,19.903225806451612,31
Cameroon,2025,1,2025-01,28.1,30.7,0.0,18.580645161290324,31
Cameroon,2025,2,2025-02,29.517857142857142,32.7,0.0,17.285714285714285,28
Cameroon,2025,3,2025-03,30.35483870967742,33.0,0.02,24.838709677419356,31
Cameroon,2025,4,2025-04,27.740000000000002,33.3,0.14,51.86666666666667,30
Cameroon,2025,5,2025-05,24.845161290322583,28.9,0.21,69.83870967741936,31
Cameroon,2025,6,2025-06,23.016666666666666,25.6,7.32,80.23333333333333,30
Cameroon,2025,7,2025-07,21.41290322580645,25.3,16.53,88.7741935483871,31
Cameroon,2025,8,2025-08,22.016129032258064,27.1,9.959999999999999,94.16129032258064,31
Cameroon,2025,9,2025-09,25.075,27.4,11.7,96.64285714285714,28
Canada,2024,5,2024-05,17.625,23.0,0.79,69.6875,16
Canada,2024,6,2024-06,19.173333333333336,29.2,7.38,74.26666666666667,30
Canada,2024,7,2024-07,19.87241379310345,23.2,0.5900000000000001,86.48275862068965,29
Canada,2024,8,2024-08,16.990322580645163,23.4,15.56,91.74193548387096,31
Canada,2024,9,2024-09,13.283333333333333,18.1,8.54,96.96666666666667,30
Canada,2024,10,2024-10,7.29,16.2,0.1,85.9,30
Canada,2024,11,2024-11,2.3586206896551727,13.9,0.0,85.3103448275862,29
Canada,2024,12,2024-12,-4.919354838709677,6.0,12.66,88.25806451612904,31
Canada,2025,1,2025-01,-9.953333333333335,1.4,1.27,77.9,30
Canada,2025,2,2025-02,-11.153571428571428,1.3,6.87,79.42857142857143,28
Canada,2025,3,2025-03,-3.454838709677419,10.1,4.29,79.41935483870968,31
Canada,2025,4,2025-04,2.1766666666666667,12.4,14.54,79.63333333333334,30
Canada,2025,5,2025-05,9.635483870967741,17.3,6.13,89.41935483870968,31
Canada,2025,6,2025-06,15.216666666666667,25.0,5.890000000000001,89.63333333333334,30
Canada,2025,7,2025-07,18.429032258064513,23.3,0.0,94.09677419354838,31
Canada,2025,8,2025-08,15.893548387096773,24.2,1.63,85.74193548387096,31
Canada,2025,9,2025-09,12.260714285714286,16.1,0.0,86.5,28
Cape Verde,2024,5,2024-05,27.5,30.0,0.0,52.71875,16
Cape Verde,2024,6,2024-06,27.476666666666667,30.3,0.01,57.266666666666666,30
Cape Verde,2024,7,2024-07,27.179310344827588,29.4,0.34,70.06896551724138,29
Cape Verde,2024,8,2024-08,28.338709677419356,31.3,0.51,69.51612903225806,31
Cape Verde,2024,9,2024-09,28.126666666666665,31.0,4.01,75.36666666666666,30
Cape Verde,2024,10,2024-10,26.458064516129035,29.0,0.03,80.87096774193549,31
Cape Verde,2024,11,2024-11,24.310000000000002,29.2,0.0,70.7,30
Cape Verde,2024,12,2024-12,24.783870967741933,27.4,0.05,64.58064516129032,31
Cape Verde,2025,1,2025-01,23.070967741935487,25.4,0.02,64.3225806451613,31
Cape Verde,2025,2,2025-02,21.392857142857142,22.4,0.0,63.82142857142857,28
Cape Verde,2025,3,2025-03,20.719354838709677,22.3,0.0,72.19354838709677,31
Cape Verde,2025,4,2025-04,22.296666666666667,27.2,0.01,68.66666666666667,30
Cape Verde,2025,5,2025-05,23.051612903225806,27.1,0.08,68.12903225806451,31
Cape Verde,2025,6,2025-06,23.34333333333333,25.1,0.02,74.4,30
Cape Verde,2025,7,2025-07,24.509677419354837,26.3,0.13,77.90322580645162,31
Cape Verde,2025,8,2025-08,25.13225806451613,27.2,0.61,84.29032258064517,31
Cape Verde,2025,9,2025-09,25.775000000000002,27.3,1.09,83.28571428571429,28
Central African Republic,2024,5,2024-05,32.68125,37.6,1.16,56.40625,16
Central African Republic,2024,6,2024-06,32.2,36.8,0.25,55.63333333333333,30
Central African Republic,2024,7,2024-07,31.50714285714286,34.2,2.47,56.57142857142857,28
Central African Republic,2024,8,2024-08,30.729032258064517,35.9,5.8,56.41935483870968,31
Central African Republic,2024,9,2024-09,29.623333333333335,34.1,15.590000000000002,66.96666666666667,30
Central African Republic,2024,10,2024-10,27.006451612903227,30.7,17.77,77.2258064516129,31
Central African Republic,2024,11,2024-11,28.81,33.2,0.54,56.96666666666667,30
Central African Republic,2024,12,2024-12,35.08709677419355,37.9,0.0,19.516129032258064,31
Central African Republic,2025,1,2025-01,33.067741935483866,37.7,0.0,34.45161290322581,31
Central African Republic,2025,2,2025-02,31.785714285714285,34.3,0.0,51.857142857142854,28
Central African Republic,2025,3,2025-03,30.970967741935485,35.2,0.0,60.87096774193548,31
Central African Republic,2025,4,2025-04,28.683333333333334,34.3,0.25,70.4,30
Central African Republic,2025,5,2025-05,27.76451612903226,33.1,2.78,74.7741935483871,31
Central African Republic,2025,6,2025-06,27.02,31.4,0.54,77.1,30
Central African Republic,2025,7,2025-07,25.338709677419356,30.2,10.26,86.38709677419355,31
Central African Republic,2025,8,2025-08,25.238709677419354,28.1,7.94,85.54838709677419,31
Central African Republic,2025,9,2025-09,25.489285714285717,30.0,2.42,83.57142857142857,28
Chad,2024,5,2024-05,41.7625,45.0,0.0,18.9375,16
Chad,2024,6,2024-06,37.78666666666666,42.0,0.30000000000000004,35.5,30
Chad,2024,7,2024-07,31.655172413793103,37.3,4.78,57.724137931034484,29
Chad,2024,8,2024-08,28.87741935483871,32.7,10.469999999999999,71.19354838709677,31
Chad,2024,9,2024-09,30.08,33.4,9.129999999999999,71.6,30
Chad,2024,10,2024-10,31.43548387096774,34.0,0.0,48.67741935483871,31
Chad,2024,11,2024-11,28.293333333333333,32.4,0.0,21.133333333333333,30
Chad,2024,12,2024-12,28.280645161290323,34.4,0.0,17.29032258064516,31
Chad,2025,1,2025-01,29.519354838709678,33.4,0.0,16.032258064516128,31
Chad,2025,2,2025-02,31.075,35.5,0.0,12.035714285714286,28
Chad,2025,3,2025-03,35.34193548387096,39.4,0.0,9.935483870967742,31
Chad,2025,4,2025-04,36.236666666666665,40.4,0.0,15.766666666666667,30
Chad,2025,5,2025-05,35.251612903225805,40.3,0.0,32.354838709677416,31
Chad,2025,6,2025-06,32.1,37.4,0.0,50.7,30
Chad,2025,7,2025-07,27.56451612903226,32.1,0.8899999999999999,77.0,31
Chad,2025,8,2025-08,26.112903225806452,30.1,3.93,86.64516129032258,31
Chad,2025,9,2025-09,27.010714285714283,30.3,0.09999999999999999,88.46428571428571,28
Chile,2024,5,2024-05,7.21875,10.0,2.3,84.9375,16
Chile,2024,6,2024-06,7.8133333333333335,12.0,10.31,86.1,30
Chile,2024,7,2024-07,4.231034482758621,10.7,0.0,73.24137931034483,29
Chile,2024,8,2024-08,5.583870967741936,10.0,1.8,77.51612903225806,31
Chile,2024,9,2024-09,7.716666666666667,12.4,0.18,82.66666666666667,30
Chile,2024,10,2024-10,10.893333333333334,16.3,5.1899999999999995,81.5,30
Chile,2024,11,2024-11,12.817241379310344,17.5,0.0,65.93103448275862,29
Chile,2024,12,2024-12,17.94516129032258,22.8,0.0,46.354838709677416,31
Chile,2025,1,2025-01,16.19,21.2,0.0,62.86666666666667,30
Chile,2025,2,2025-02,15.742857142857144,19.3,0.0,62.5,28
Chile,2025,3,2025-03,13.66451612903226,16.4,0.0,75.51612903225806,31
Chile,2025,4,2025-04,10.333333333333334,15.4,0.0,78.9,30
Chile,2025,5,2025-05,8.625806451612902,15.1,2.3,88.06451612903226,31
Chile,2025,6,2025-06,4.536666666666666,9.2,6.949999999999999,91.53333333333333,30
Chile,2025,7,2025-07,5.490322580645161,9.3,0.04,90.12903225806451,31
Chile,2025,8,2025-08,6.919354838709677,12.4,6.22,91.96774193548387,31
Chile,2025,9,2025-09,8.160714285714286,12.2,0.46,87.10714285714286,28
China,2024,5,2024-05,21.266666666666666,27.0,0.17,59.46666666666667,15
China,2024,6,2024-06,27.386206896551727,32.8,2.3899999999999997,49.93103448275862,29
China,2024,7,2024-07,27.389655172413796,36.2,10.77,72.96551724137932,29
China,2024,8,2024-08,26.706451612903226,31.0,9.7,77.58064516129032,31
China,2024,9,2024-09,22.066666666666666,27.3,0.24,66.36666666666666,30
China,2024,10,2024-10,18.06451612903226,24.1,0.17,44.74193548387097,31
China,2024,11,2024-11,11.786666666666667,20.3,0.04,42.06666666666667,30
China,2024,12,2024-12,2.293548387096774,13.1,0.01,24.516129032258064,31
China,2025,1,2025-01,0.8161290322580644,6.2,0.01,28.741935483870968,31
China,2025,2,2025-02,3.6785714285714284,15.0,0.04,17.607142857142858,28
China,2025,3,2025-03,14.683870967741935,29.3,0.21,23.677419354838708,31
China,2025,4,2025-04,22.083333333333332,30.0,2.3,25.4,30
China,2025,5,2025-05,25.693548387096776,33.2,1.83,40.38709677419355,31
China,2025,6,2025-06,31.779999999999998,38.3,0.73,40.03333333333333,30
China,2025,7,2025-07,31.861290322580647,35.3,2.55,61.935483870967744,31
China,2025,8,2025-08,30.164516129032258,36.3,6.01,65.74193548387096,31
China,2025,9,2025-09,27.592857142857145,33.4,0.17,48.392857142857146,28
Colombia,2024,6,2024-06,13.5,13.5,0.02,80.0,1
Comoros,2024,5,2024-05,25.746875,26.65,1.71,78.0625,16
Comoros,2024,6,2024-06,25.43103448275862,26.8,1.57,75.03448275862068,29
Comoros,2024,7,2024-07,25.364285714285717,29.3,2.06,69.03571428571429,28
Comoros,2024,8,2024-08,25.09032258064516,26.0,2.65,70.80645161290323,31
Comoros,2024,9,2024-09,25.136666666666667,26.5,5.859999999999999,75.66666666666667,30
Comoros,2024,10,2024-10,26.4,28.6,5.72,74.45161290322581,31
Comoros,2024,11,2024-11,26.373333333333335,28.0,15.84,76.66666666666667,30
Comoros,2024,12,2024-12,26.44516129032258,29.5,15.68,75.87096774193549,31
Comoros,2025,1,2025-01,26.58709677419355,28.5,17.14,79.16129032258064,31
Comoros,2025,2,2025-02,27.589285714285715,30.3,6.38,75.64285714285714,28
Comoros,2025,3,2025-03,27.9,29.8,22.95,78.64516129032258,31
Comoros,2025,4,2025-04,27.863333333333333,30.3,18.740000000000002,76.26666666666667,30
Comoros,2025,5,2025-05,27.661290322580644,28.7,11.65,73.7741935483871,31
Comoros,2025,6,2025-06,26.5,28.2,2.4,66.83333333333333,30
Comoros,2025,7,2025-07,25.251612903225805,29.3,1.18,67.35483870967742,31
Comoros,2025,8,2025-08,25.1,26.4,1.5799999999999998,66.3225806451613,31
Comoros,2025,9,2025-09,25.55,27.0,1.98,70.39285714285714,28
Congo,2024,5,2024-05,31.74375,36.6,0.14,58.0,16
Congo,2024,6,2024-06,31.75172413793103,36.9,0.01,48.275862068965516,29
Congo,2024,7,2024-07,30.620689655172413,36.0,0.0,47.793103448275865,29
Congo,2024,8,2024-08,31.89032258064516,37.5,0.0,42.29032258064516,31
Congo,2024,9,2024-09,28.716666666666665,32.2,0.48000000000000004,62.06666666666667,30
Congo,2024,10,2024-10,28.06451612903226,33.2,10.870000000000001,69.06451612903226,31
Congo,2024,11,2024-11,27.113333333333333,32.6,13.84,76.16666666666667,30
Congo,2024,12,2024-12,29.270967741935483,32.3,11.639999999999999,67.90322580645162,31
Congo,2025,1,2025-01,28.335483870967742,34.2,3.9499999999999997,70.03225806451613,31
Congo,2025,2,2025-02,27.582142857142856,33.1,1.31,74.67857142857143,28
Congo,2025,3,2025-03,27.641935483870967,30.3,20.5,75.03225806451613,31
Congo,2025,4,2025-04,26.970000000000002,30.1,3.9199999999999995,79.43333333333334,30
Congo,2025,5,2025-05,25.97741935483871,29.1,3.37,83.16129032258064,31
Congo,2025,6,2025-06,25.220000000000002,29.0,0.0,79.96666666666667,30
Congo,2025,7,2025-07,22.6,28.3,0.0,78.61290322580645,31
Congo,2025,8,2025-08,21.903225806451612,25.7,0.0,75.80645161290323,31
Congo,2025,9,2025-09,24.239285714285717,29.6,0.87,74.03571428571429,28
Costa Rica,2024,5,2024-05,23.8125,27.0,3.085,74.03125,16
Costa Rica,2024,6,2024-06,22.024137931034485,25.2,3.8,83.06896551724138,29
Costa Rica,2024,7,2024-07,19.02857142857143,23.3,3.1,91.0,28
Costa Rica,2024,8,2024-08,18.448387096774194,23.2,0.5599999999999999,87.3225806451613,31
Costa Rica,2024,9,2024-09,20.873333333333335,22.3,4.59,88.9,30
Costa Rica,2024,10,2024-10,15.623333333333333,20.2,6.65,96.13333333333334,30
Costa Rica,2024,11,2024-11,15.058620689655172,18.1,13.85,98.13793103448276,29
Costa Rica,2024,12,2024-12,13.62258064516129,15.1,4.220000000000001,94.6774193548387,31
Costa Rica,2025,1,2025-01,18.886666666666667,22.1,0.22000000000000003,77.66666666666667,30
Costa Rica,2025,2,2025-02,21.035714285714285,22.4,0.12,69.67857142857143,28
Costa Rica,2025,3,2025-03,20.638709677419357,23.3,0.03,71.41935483870968,31
Costa Rica,2025,4,2025-04,21.346666666666668,23.3,1.1199999999999999,72.6,30
Costa Rica,2025,5,2025-05,21.396666666666665,23.2,1.37,87.36666666666666,30
Costa Rica,2025,6,2025-06,20.733333333333334,23.1,2.86,90.5,30
Costa Rica,2025,7,2025-07,21.66774193548387,24.3,12.04,80.58064516129032,31
Costa Rica,2025,8,2025-08,21.05806451612903,24.1,0.67,84.2258064516129,31
Costa Rica,2025,9,2025-09,20.439285714285713,23.1,0.85,92.57142857142857,28
Cote D'Ivoire,2025,8,2025-08,22.436363636363637,23.2,0.31,89.27272727272727,11
Cote D'Ivoire,2025,9,2025-09,22.79642857142857,25.1,1.41,92.28571428571429,28
Croatia,2024,5,2024-05,22.3125,26.0,6.05,60.1875,16
Croatia,2024,6,2024-06,26.96896551724138,34.0,0.7,51.13793103448276,29
Croatia,2024,7,2024-07,31.289285714285715,36.2,0.43,40.25,28
Croatia,2024,8,2024-08,32.274193548387096,38.8,0.33999999999999997,38.67741935483871,31
Croatia,2024,9,2024-09,21.783333333333335,33.3,15.610000000000001,61.233333333333334,30
Croatia,2024,10,2024-10,15.922580645161291,24.1,2.29,72.70967741935483,31
Croatia,2024,11,2024-11,7.403333333333333,15.3,5.95,76.6,30
Croatia,2024,12,2024-12,4.429032258064517,10.1,0.18,77.64516129032258,31
Croatia,2025,1,2025-01,5.425806451612903,17.2,1.7000000000000002,78.96774193548387,31
Croatia,2025,2,2025-02,3.935714285714286,9.2,2.6199999999999997,71.92857142857143,28
Croatia,2025,3,2025-03,10.438709677419356,18.1,3.81,66.19354838709677,31
Croatia,2025,4,2025-04,15.26,22.2,1.79,60.43333333333333,30
Croatia,2025,5,2025-05,17.506451612903227,23.1,6.49,61.0,31
Croatia,2025,6,2025-06,25.723333333333336,31.4,0.1,49.03333333333333,30
Croatia,2025,7,2025-07,24.561290322580643,31.4,4.86,56.87096774193548,31
Croatia,2025,8,2025-08,22.89032258064516,28.3,1.46,60.774193548387096,31
Croatia,2025,9,2025-09,18.474999999999998,22.3,2.7,79.89285714285714,28
Cuba,2024,5,2024-05,28.90625,31.0,0.02,70.03125,16
Cuba,2024,6,2024-06,27.73,30.1,9.48,81.6,30
Cuba,2024,7,2024-07,26.882758620689657,29.1,0.08,87.65517241379311,29
Cuba,2024,8,2024-08,25.683870967741935,29.0,3.8,91.45161290322581,31
Cuba,2024,9,2024-09,24.773333333333333,27.1,0.7,97.3,30
Cuba,2024,10,2024-10,25.366666666666667,29.2,0.08,90.66666666666667,30
Cuba,2024,11,2024-11,23.586206896551722,26.3,3.27,86.89655172413794,29
Cuba,2024,12,2024-12,21.958064516129035,24.9,0.0,85.3225806451613,31
Cuba,2025,1,2025-01,18.55666666666667,23.7,0.0,90.23333333333333,30
Cuba,2025,2,2025-02,19.42142857142857,23.2,0.0,97.75,28
Cuba,2025,3,2025-03,18.758064516129032,24.1,0.0,93.90322580645162,31
Cuba,2025,4,2025-04,20.273333333333333,24.2,0.0,93.66666666666667,30
Cuba,2025,5,2025-05,23.58,26.2,0.0,94.26666666666667,30
Cuba,2025,6,2025-06,23.88,26.0,0.0,96.5,30
Cuba,2025,7,2025-07,24.35483870967742,26.2,1.23,98.25806451612904,31
Cuba,2025,8,2025-08,24.225806451612904,26.3,0.0,98.64516129032258,31
Cuba,2025,9,2025-09,23.964285714285715,27.2,0.0,98.57142857142857,28
Cyprus,2024,5,2024-05,27.15625,29.0,0.0,53.15625,16
Cyprus,2024,6,2024-06,36.31666666666667,41.1,0.0,29.966666666666665,30
Cyprus,2024,7,2024-07,36.089285714285715,39.3,0.28,33.214285714285715,28
Cyprus,2024,8,2024-08,35.53225806451613,38.4,0.01,35.67741935483871,31
Cyprus,2024,9,2024-09,32.31666666666667,37.1,0.06999999999999999,40.1,30
Cyprus,2024,10,2024-10,26.47741935483871,31.3,0.0,42.45161290322581,31
Cyprus,2024,11,2024-11,20.366666666666667,24.3,1.51,54.43333333333333,30
Cyprus,2024,12,2024-12,17.135483870967743,21.0,2.27,59.70967741935484,31
Cyprus,2025,1,2025-01,17.574193548387097,20.0,0.46,56.516129032258064,31
Cyprus,2025,2,2025-02,13.864285714285714,20.1,3.3,50.285714285714285,28
Cyprus,2025,3,2025-03,21.364516129032257,29.0,0.89,41.483870967741936,31
Cyprus,2025,4,2025-04,22.15666666666667,28.1,2.88,44.7,30
Cyprus,2025,5,2025-05,27.419354838709676,34.3,1.1900000000000002,39.70967741935484,31
Cyprus,2025,6,2025-06,32.61333333333333,37.1,0.01,33.4,30
Cyprus,2025,7,2025-07,34.49677419354839,40.1,0.0,37.645161290322584,31
Cyprus,2025,8,2025-08,33.39032258064516,40.2,0.0,42.70967741935484,31
Cyprus,2025,9,2025-09,29.989285714285717,32.2,0.0,48.57142857142857,28
Czech Republic,2024,5,2024-05,18.90625,23.0,2.17,64.125,16
Czech Republic,2024,6,2024-06,22.986206896551725,30.4,1.31,52.41379310344828,29
Czech Republic,2024,7,2024-07,25.044444444444448,31.4,11.67,49.0,27
Czech Republic,2024,8,2024-08,25.94516129032258,32.4,1.31,52.806451612903224,31
Czech Republic,2024,9,2024-09,19.066666666666666,31.2,3.3500000000000005,63.6,30
Czech Republic,2024,10,2024-10,12.490322580645161,17.2,1.15,75.19354838709677,31
Czech Republic,2024,11,2024-11,5.113333333333333,13.0,0.05,75.26666666666667,30
Czech Republic,2024,12,2024-12,3.5161290322580645,8.4,0.62,75.2258064516129,31
Czech Republic,2025,1,2025-01,2.2161290322580647,8.2,2.22,82.38709677419355,31
Czech Republic,2025,2,2025-02,0.6392857142857142,6.3,0.1,74.25,28
Czech Republic,2025,3,2025-03,7.061290322580645,12.1,2.37,64.29032258064517,31
Czech Republic,2025,4,2025-04,12.143333333333334,21.0,1.57,64.83333333333333,30
Czech Republic,2025,5,2025-05,13.94516129032258,23.0,3.97,59.903225806451616,31
Czech Republic,2025,6,2025-06,20.14,27.1,2.35,60.36666666666667,30
Czech Republic,2025,7,2025-07,20.54516129032258,28.0,2.17,63.67741935483871,31
Czech Republic,2025,8,2025-08,19.4,29.0,1.52,62.193548387096776,31
Czech Republic,2025,9,2025-09,14.989285714285714,21.0,3.54,80.96428571428571,28
Democratic Republic Of Congo,2024,5,2024-05,31.725,36.1,0.11,58.03125,16
Democratic Republic Of Congo,2024,6,2024-06,31.46206896551724,36.7,0.01,49.48275862068966,29
Democratic Republic Of Congo,2024,7,2024-07,30.74285714285714,36.2,0.0,47.357142857142854,28
Democratic Republic Of Congo,2024,8,2024-08,31.916129032258063,37.8,0.0,42.096774193548384,31
Democratic Republic Of Congo,2024,9,2024-09,28.716666666666665,32.2,0.61,62.06666666666667,30
Democratic Republic Of Congo,2024,10,2024-10,27.86774193548387,31.8,10.11,69.7741935483871,31
Democratic Republic Of Congo,2024,11,2024-11,26.9,31.5,15.35,76.9,30
Democratic Republic Of Congo,2024,12,2024-12,29.032258064516128,32.0,10.24,69.16129032258064,31
Democratic Republic Of Congo,2025,1,2025-01,27.719354838709677,32.0,3.14,72.06451612903226,31
Democratic Republic Of Congo,2025,2,2025-02,27.788888888888888,32.9,1.2,73.81481481481481,27
Democratic Republic Of Congo,2025,3,2025-03,27.75161290322581,30.3,18.370000000000005,74.87096774193549,31
Democratic Republic Of Congo,2025,4,2025-04,26.91,30.1,6.04,79.66666666666667,30
Democratic Republic Of Congo,2025,5,2025-05,25.97741935483871,29.1,3.23,83.16129032258064,31
Democratic Republic Of Congo,2025,6,2025-06,24.990000000000002,28.1,0.0,80.83333333333333,30
Democratic Republic Of Congo,2025,7,2025-07,22.787096774193547,28.2,0.0,77.54838709677419,31
Democratic Republic Of Congo,2025,8,2025-08,21.932258064516127,26.4,0.0,75.64516129032258,31
Democratic Republic Of Congo,2025,9,2025-09,24.239285714285717,29.6,0.75,74.03571428571429,28
Denmark,2024,5,2024-05,18.6875,21.0,0.9400000000000001,63.65625,16
Denmark,2024,6,2024-06,18.417241379310347,27.1,4.34,63.689655172413794,29
Denmark,2024,7,2024-07,19.282758620689656,24.3,7.03,66.86206896551724,29
Denmark,2024,8,2024-08,20.983870967741936,25.2,4.44,60.0,31
Denmark,2024,9,2024-09,18.563333333333333,27.2,4.7,65.26666666666667,30
Denmark,2024,10,2024-10,12.341935483870968,15.3,1.9800000000000002,81.6774193548387,31
Denmark,2024,11,2024-11,7.0600000000000005,11.7,1.4,83.26666666666667,30
Denmark,2024,12,2024-12,5.741935483870968,9.2,1.7599999999999998,86.87096774193549,31
Denmark,2025,1,2025-01,3.541935483870968,8.1,3.2600000000000002,87.64516129032258,31
Denmark,2025,2,2025-02,2.292857142857143,7.4,0.2,83.07142857142857,28
Denmark,2025,3,2025-03,6.748387096774193,10.2,0.41000000000000003,74.25806451612904,31
Denmark,2025,4,2025-04,10.770000000000001,16.1,0.19000000000000003,69.86666666666666,30
Denmark,2025,5,2025-05,13.138709677419355,18.1,1.98,65.2258064516129,31
Denmark,2025,6,2025-06,17.146666666666665,21.3,3.68,68.03333333333333,30
Denmark,2025,7,2025-07,19.69677419354839,25.1,5.07,73.25806451612904,31
Denmark,2025,8,2025-08,18.316129032258065,24.3,1.31,71.0,31
Denmark,2025,9,2025-09,16.55,21.1,5.96,80.57142857142857,28
Djibouti,2024,5,2024-05,34.44375,40.0,0.0,54.78125,16
Djibouti,2024,6,2024-06,36.241379310344826,46.0,0.11,49.55172413793103,29
Djibouti,2024,7,2024-07,37.875,47.1,0.26,40.82142857142857,28
Djibouti,2024,8,2024-08,35.86129032258064,42.3,9.61,48.67741935483871,31
Djibouti,2024,9,2024-09,36.18,44.3,0.18,47.6,30
Djibouti,2024,10,2024-10,32.483870967741936,38.3,0.07,58.0,31
Djibouti,2024,11,2024-11,29.57,32.3,0.7999999999999999,59.36666666666667,30
Djibouti,2024,12,2024-12,27.951612903225808,32.1,0.08,57.61290322580645,31
Djibouti,2025,1,2025-01,26.677419354838708,31.3,0.18,60.54838709677419,31
Djibouti,2025,2,2025-02,27.482142857142858,30.3,0.16999999999999998,61.92857142857143,28
Djibouti,2025,3,2025-03,28.641935483870967,31.3,0.36,63.67741935483871,31
Djibouti,2025,4,2025-04,30.77,34.1,0.03,58.86666666666667,30
Djibouti,2025,5,2025-05,33.02258064516129,36.3,0.06,51.354838709677416,31
Djibouti,2025,6,2025-06,36.28666666666666,45.3,0.0,43.3,30
Djibouti,2025,7,2025-07,39.987096774193546,45.1,0.0,34.774193548387096,31
Djibouti,2025,8,2025-08,35.541935483870965,40.3,1.53,48.903225806451616,31
Djibouti,2025,9,2025-09,34.13214285714286,39.4,0.0,51.857142857142854,28
Dominica,2024,5,2024-05,30.4625,34.0,2.675,66.28125,16
Dominica,2024,6,2024-06,30.013333333333332,35.3,6.09,68.53333333333333,30
Dominica,2024,7,2024-07,28.710714285714285,31.4,4.08,76.21428571428571,28
Dominica,2024,8,2024-08,28.216129032258067,30.3,6.48,81.38709677419355,31
Dominica,2024,9,2024-09,27.216666666666665,31.3,3.88,88.4,30
Dominica,2024,10,2024-10,27.799999999999997,28.4,2.24,76.87096774193549,31
Dominica,2024,11,2024-11,27.2551724137931,28.1,4.11,78.37931034482759,29
Dominica,2024,12,2024-12,25.05483870967742,27.2,4.29,85.0,31
Dominica,2025,1,2025-01,24.603333333333335,26.2,2.2199999999999998,83.4,30
Dominica,2025,2,2025-02,24.775000000000002,26.0,3.87,79.25,28
Dominica,2025,3,2025-03,25.312903225806455,26.4,3.24,75.35483870967742,31
Dominica,2025,4,2025-04,25.483333333333334,26.0,3.2,77.03333333333333,30
Dominica,2025,5,2025-05,26.338709677419356,26.9,5.92,79.90322580645162,31
Dominica,2025,6,2025-06,26.476666666666667,27.3,3.14,78.2,30
Dominica,2025,7,2025-07,26.751612903225805,27.4,3.0,77.83870967741936,31
Dominica,2025,8,2025-08,27.312903225806455,28.0,4.3,78.03225806451613,31
Dominica,2025,9,2025-09,27.560714285714287,28.0,2.7,77.46428571428571,28
Dominican Republic,2024,5,2024-05,27.96875,32.0,1.345,84.875,16
Dominican Republic,2024,6,2024-06,28.836666666666666,30.4,2.5700000000000003,82.83333333333333,30
Dominican Republic,2024,7,2024-07,26.814285714285713,30.2,7.1,88.42857142857143,28
Dominican Republic,2024,8,2024-08,26.345161290322583,29.3,1.26,89.45161290322581,31
Dominican Republic,2024,9,2024-09,25.323333333333334,27.3,0.69,96.3,30
Dominican Republic,2024,10,2024-10,25.37,28.1,17.55,94.43333333333334,30
Dominican Republic,2024,11,2024-11,23.513793103448275,26.9,1.18,97.13793103448276,29
Dominican Republic,2024,12,2024-12,22.612903225806452,24.8,0.0,97.61290322580645,31
Dominican Republic,2025,1,2025-01,21.53666666666667,23.2,1.49,96.33333333333333,30
Dominican Republic,2025,2,2025-02,21.432142857142857,25.1,0.0,97.60714285714286,28
Dominican Republic,2025,3,2025-03,21.84193548387097,23.4,16.46,97.70967741935483,31
Dominican Republic,2025,4,2025-04,22.546666666666667,24.2,3.8200000000000003,95.76666666666667,30
Dominican Republic,2025,5,2025-05,23.351612903225806,25.0,23.79,97.70967741935483,31
Dominican Republic,2025,6,2025-06,23.970000000000002,25.3,3.66,95.7,30
Dominican Republic,2025,7,2025-07,24.270967741935483,26.1,0.0,94.74193548387096,31
Dominican Republic,2025,8,2025-08,25.08709677419355,28.4,0.0,93.51612903225806,31
Dominican Republic,2025,9,2025-09,25.032142857142855,27.2,0.0,93.96428571428571,28
Ecuador,2024,5,2024-05,15.303125,18.9,0.675,67.25,16
Ecuador,2024,6,2024-06,13.266666666666667,17.1,0.66,69.23333333333333,30
Ecuador,2024,7,2024-07,10.703448275862069,13.0,0.02,72.20689655172414,29
Ecuador,2024,8,2024-08,9.574193548387097,10.6,0.0,69.0,31
Ecuador,2024,9,2024-09,10.35,12.4,0.49,65.1,30
Ecuador,2024,10,2024-10,10.76,12.9,2.1,82.26666666666667,30
Ecuador,2024,11,2024-11,10.386206896551723,11.5,1.76,89.34482758620689,29
Ecuador,2024,12,2024-12,10.316129032258065,11.6,2.43,91.58064516129032,31
Ecuador,2025,1,2025-01,9.843333333333334,11.7,2.46,88.03333333333333,30
Ecuador,2025,2,2025-02,10.235714285714286,11.6,3.98,91.71428571428571,28
Ecuador,2025,3,2025-03,9.873333333333333,10.8,4.659999999999999,90.63333333333334,30
Ecuador,2025,4,2025-04,10.013333333333332,12.3,1.32,89.16666666666667,30
Ecuador,2025,5,2025-05,9.896666666666667,12.0,1.06,87.26666666666667,30
Ecuador,2025,6,2025-06,9.346666666666666,11.1,0.32,83.6,30
Ecuador,2025,7,2025-07,9.041935483870969,11.7,0.54,78.0,31
Ecuador,2025,8,2025-08,9.264516129032257,11.6,0.02,79.74193548387096,31
Ecuador,2025,9,2025-09,10.153571428571428,12.0,0.24000000000000002,75.71428571428571,28
Egypt,2024,5,2024-05,33.84375,41.0,0.0,21.78125,16
Egypt,2024,6,2024-06,37.84666666666667,42.4,0.0,21.433333333333334,30
Egypt,2024,7,2024-07,37.5,41.6,0.0,25.107142857142858,28
Egypt,2024,8,2024-08,36.806451612903224,40.3,0.0,25.419354838709676,31
Egypt,2024,9,2024-09,32.70666666666667,39.3,0.0,37.766666666666666,30
Egypt,2024,10,2024-10,27.903225806451612,32.4,0.0,38.61290322580645,31
Egypt,2024,11,2024-11,22.006666666666668,25.3,0.21,53.4,30
Egypt,2024,12,2024-12,19.596774193548388,22.3,0.0,46.29032258064516,31
Egypt,2025,1,2025-01,19.35483870967742,22.8,0.0,49.16129032258065,31
Egypt,2025,2,2025-02,16.87857142857143,21.3,0.060000000000000005,45.357142857142854,28
Egypt,2025,3,2025-03,22.812903225806455,31.1,0.0,37.58064516129032,31
Egypt,2025,4,2025-04,24.17,35.0,0.0,35.8,30
Egypt,2025,5,2025-05,28.43548387096774,40.0,0.0,31.838709677419356,31
Egypt,2025,6,2025-06,29.103333333333335,33.0,0.0,43.333333333333336,30
Egypt,2025,7,2025-07,32.44193548387097,38.2,0.0,38.645161290322584,31
Egypt,2025,8,2025-08,31.03548387096774,37.1,0.0,45.806451612903224,31
Egypt,2025,9,2025-09,27.682142857142857,31.3,0.0,54.142857142857146,28
El Salvador,2024,5,2024-05,26.8125,30.0,0.535,85.53125,16
El Salvador,2024,6,2024-06,24.127586206896552,30.0,50.0,93.6896551724138,29
El Salvador,2024,7,2024-07,23.039285714285715,28.4,1.4200000000000002,95.57142857142857,28
El Salvador,2024,8,2024-08,21.187096774193545,22.1,2.91,96.58064516129032,31
El Salvador,2024,9,2024-09,23.57,27.1,4.03,98.36666666666666,30
El Salvador,2024,10,2024-10,20.916666666666668,24.3,7.25,96.33333333333333,30
El Salvador,2024,11,2024-11,19.93448275862069,24.0,2.08,95.48275862068965,29
El Salvador,2024,12,2024-12,19.274193548387096,23.3,0.02,91.38709677419355,31
El Salvador,2025,1,2025-01,23.52,27.4,0.0,77.2,30
El Salvador,2025,2,2025-02,24.428571428571427,27.1,0.09,81.53571428571429,28
El Salvador,2025,3,2025-03,25.038709677419355,27.2,0.26,80.25806451612904,31
El Salvador,2025,4,2025-04,25.876666666666665,29.2,6.13,75.6,30
El Salvador,2025,5,2025-05,25.913333333333334,29.1,5.27,89.4,30
El Salvador,2025,6,2025-06,24.09,26.3,12.41,94.8,30
El Salvador,2025,7,2025-07,24.370967741935484,27.4,6.01,91.09677419354838,31
El Salvador,2025,8,2025-08,24.812903225806455,27.3,15.620000000000001,91.74193548387096,31
El Salvador,2025,9,2025-09,25.039285714285715,27.2,21.94,92.35714285714286,28
Equatorial Guinea,2024,5,2024-05,30.01875,32.0,1.045,82.71875,16
Equatorial Guinea,2024,6,2024-06,28.746666666666666,32.3,27.400000000000002,82.86666666666666,30
Equatorial Guinea,2024,7,2024-07,26.486206896551725,30.3,16.5,87.86206896551724,29
Equatorial Guinea,2024,8,2024-08,25.251612903225805,29.3,16.91,84.93548387096774,31
Equatorial Guinea,2024,9,2024-09,26.883333333333333,30.1,8.96,87.5,30
Equatorial Guinea,2024,10,2024-10,25.74516129032258,27.1,20.41,82.61290322580645,31
Equatorial Guinea,2024,11,2024-11,27.403333333333332,30.2,5.63,78.83333333333333,30
Equatorial Guinea,2024,12,2024-12,27.822580645161292,31.2,0.91,72.83870967741936,31
Equatorial Guinea,2025,1,2025-01,28.687096774193545,32.2,0.73,72.41935483870968,31
Equatorial Guinea,2025,2,2025-02,31.0,33.4,1.59,72.14285714285714,28
Equatorial Guinea,2025,3,2025-03,29.361290322580647,33.4,5.99,77.7741935483871,31
Equatorial Guinea,2025,4,2025-04,29.136666666666667,32.4,2.08,82.8,30
Equatorial Guinea,2025,5,2025-05,28.703225806451613,31.4,5.7,87.16129032258064,31
Equatorial Guinea,2025,6,2025-06,27.563333333333333,31.0,11.99,87.66666666666667,30
Equatorial Guinea,2025,7,2025-07,25.938709677419357,29.2,41.01,93.38709677419355,31
Equatorial Guinea,2025,8,2025-08,25.870967741935484,27.3,7.16,90.6774193548387,31
Equatorial Guinea,2025,9,2025-09,25.589285714285715,27.2,26.7,94.96428571428571,28
Eritrea,2024,5,2024-05,23.4,26.0,0.47,36.8125,16
Eritrea,2024,6,2024-06,25.8,28.0,2.97,29.633333333333333,30
Eritrea,2024,7,2024-07,22.63103448275862,25.6,14.41,49.827586206896555,29
Eritrea,2024,8,2024-08,20.312903225806455,23.5,24.14,63.83870967741935,31
Eritrea,2024,9,2024-09,23.816666666666666,25.4,2.56,37.7,30
Eritrea,2024,10,2024-10,22.12258064516129,24.1,4.5200000000000005,40.32258064516129,31
Eritrea,2024,11,2024-11,19.736666666666668,23.4,2.67,61.4,30
Eritrea,2024,12,2024-12,17.700000000000003,20.0,0.16,53.12903225806452,31
Eritrea,2025,1,2025-01,18.306451612903224,21.1,0.17,45.0,31
Eritrea,2025,2,2025-02,19.482142857142858,23.0,1.23,49.035714285714285,28
Eritrea,2025,3,2025-03,21.229032258064517,24.6,1.91,40.774193548387096,31
Eritrea,2025,4,2025-04,22.90666666666667,25.8,0.19,35.03333333333333,30
Eritrea,2025,5,2025-05,23.970967741935485,26.9,0.86,30.225806451612904,31
Eritrea,2025,6,2025-06,25.64333333333333,28.0,0.13,19.333333333333332,30
Eritrea,2025,7,2025-07,22.629032258064516,24.2,4.68,44.87096774193548,31
Eritrea,2025,8,2025-08,20.95483870967742,27.3,7.92,57.96774193548387,31
Eritrea,2025,9,2025-09,23.167857142857144,28.0,1.09,42.0,28
Estonia,2024,5,2024-05,21.65625,26.0,2.13,43.375,16
Estonia,2024,6,2024-06,19.366666666666667,32.3,1.5,57.03333333333333,30
Estonia,2024,7,2024-07,20.785714285714285,25.0,6.25,64.5,28
Estonia,2024,8,2024-08,20.80322580645161,28.4,3.94,64.25806451612904,31
Estonia,2024,9,2024-09,18.720000000000002,27.2,2.76,65.86666666666666,30
Estonia,2024,10,2024-10,10.567741935483872,13.2,1.58,72.54838709677419,31
Estonia,2024,11,2024-11,5.0233333333333325,10.5,3.32,83.63333333333334,30
Estonia,2024,12,2024-12,2.0064516129032257,7.0,2.17,83.45161290322581,31
Estonia,2025,1,2025-01,1.335483870967742,5.3,5.140000000000001,85.93548387096774,31
Estonia,2025,2,2025-02,-1.457142857142857,3.1,0.32,79.35714285714286,28
Estonia,2025,3,2025-03,4.609677419354839,12.4,0.86,69.03225806451613,31
Estonia,2025,4,2025-04,7.666666666666667,18.4,2.83,63.46666666666667,30
Estonia,2025,5,2025-05,11.380645161290323,19.2,0.5700000000000001,55.87096774193548,31
Estonia,2025,6,2025-06,15.996666666666666,21.1,5.91,64.86666666666666,30
Estonia,2025,7,2025-07,21.780645161290323,27.4,5.4,68.83870967741936,31
Estonia,2025,8,2025-08,17.22258064516129,26.2,4.9399999999999995,70.41935483870968,31
Estonia,2025,9,2025-09,15.603571428571428,20.4,3.39,80.60714285714286,28
Estonie,2024,7,2024-07,23.3,23.3,0.0,61.0,1
Ethiopia,2024,5,2024-05,24.434375,27.1,0.545,38.03125,16
Ethiopia,2024,6,2024-06,22.26206896551724,28.0,15.68,48.51724137931034,29
Ethiopia,2024,7,2024-07,19.42142857142857,22.2,23.79,66.53571428571429,28
Ethiopia,2024,8,2024-08,18.5258064516129,22.2,31.64,73.74193548387096,31
Ethiopia,2024,9,2024-09,20.57,29.4,21.64,60.36666666666667,30
Ethiopia,2024,10,2024-10,19.661290322580644,22.3,8.85,59.67741935483871,31
Ethiopia,2024,11,2024-11,19.526666666666664,22.1,1.74,45.833333333333336,30
Ethiopia,2024,12,2024-12,21.403225806451612,23.3,0.0,28.161290322580644,31
Ethiopia,2025,1,2025-01,21.20967741935484,24.2,0.06,33.45161290322581,31
Ethiopia,2025,2,2025-02,23.042857142857144,24.5,0.0,28.5,28
Ethiopia,2025,3,2025-03,22.174193548387095,24.3,2.27,42.903225806451616,31
Ethiopia,2025,4,2025-04,23.0,25.4,0.67,34.0,30
Ethiopia,2025,5,2025-05,21.838709677419356,25.2,1.86,48.16129032258065,31
Ethiopia,2025,6,2025-06,20.596666666666668,24.7,0.72,56.0,30
Ethiopia,2025,7,2025-07,17.94516129032258,20.2,18.28,71.3225806451613,31
Ethiopia,2025,8,2025-08,16.64516129032258,19.3,18.38,77.58064516129032,31
Ethiopia,2025,9,2025-09,17.910714285714285,20.1,11.01,72.75,28
Fiji Islands,2024,5,2024-05,24.0,26.0,2.87,97.8125,16
Fiji Islands,2024,6,2024-06,22.573333333333334,25.2,4.65,93.3,30
Fiji Islands,2024,7,2024-07,22.63448275862069,24.4,2.9499999999999997,85.82758620689656,29
Fiji Islands,2024,8,2024-08,21.625806451612902,25.2,32.27,85.19354838709677,31
Fiji Islands,2024,9,2024-09,22.715,24.3,4.59,90.83333333333333,30
Fiji Islands,2024,10,2024-10,23.725806451612904,25.4,11.19,92.48387096774194,31
Fiji Islands,2024,11,2024-11,24.833333333333332,26.3,9.26,92.86666666666666,30
Fiji Islands,2024,12,2024-12,25.306451612903224,27.2,2.5700000000000003,93.51612903225806,31
Fiji Islands,2025,1,2025-01,25.493548387096773,28.2,19.52,95.29032258064517,31
Fiji Islands,2025,2,2025-02,26.092857142857145,28.2,11.75,95.0,28
Fiji Islands,2025,3,2025-03,25.73225806451613,27.4,14.14,95.09677419354838,31
Fiji Islands,2025,4,2025-04,25.723333333333336,27.3,19.74,96.33333333333333,30
Fiji Islands,2025,5,2025-05,24.870967741935484,27.3,6.96,91.3225806451613,31
Fiji Islands,2025,6,2025-06,23.75,26.1,4.78,88.8,30
Fiji Islands,2025,7,2025-07,23.041935483870965,25.3,1.74,87.41935483870968,31
Fiji Islands,2025,8,2025-08,23.519354838709678,26.2,4.04,86.93548387096774,31
Fiji Islands,2025,9,2025-09,23.228571428571428,25.4,1.6800000000000002,80.25,28
Finland,2024,5,2024-05,22.6875,27.0,0.56,37.90625,16
Finland,2024,6,2024-06,20.45,29.1,0.54,53.0,30
Finland,2024,7,2024-07,21.158620689655173,25.1,4.39,64.34482758620689,29
Finland,2024,8,2024-08,21.125806451612902,25.3,2.2800000000000002,61.38709677419355,31
Finland,2024,9,2024-09,17.64,27.2,3.91,70.2,30
Finland,2024,10,2024-10,10.025806451612903,14.4,1.93,78.29032258064517,31
Finland,2024,11,2024-11,4.09,9.4,2.93,87.1,30
Finland,2024,12,2024-12,0.9419354838709677,6.0,3.39,88.70967741935483,31
Finland,2025,1,2025-01,-0.08709677419354832,5.3,5.82,89.6774193548387,31
Finland,2025,2,2025-02,-2.039285714285714,2.4,0.22,85.42857142857143,28
Finland,2025,3,2025-03,4.129032258064516,9.4,0.11,68.48387096774194,31
Finland,2025,4,2025-04,7.676666666666667,16.2,1.64,59.46666666666667,30
Finland,2025,5,2025-05,12.141935483870967,18.3,0.35,52.225806451612904,31
Finland,2025,6,2025-06,16.09,23.2,9.94,66.03333333333333,30
Finland,2025,7,2025-07,22.73548387096774,28.3,2.36,63.70967741935484,31
Finland,2025,8,2025-08,17.093548387096774,25.3,2.25,73.19354838709677,31
Finland,2025,9,2025-09,14.785714285714286,20.2,2.17,86.64285714285714,28
France,2024,5,2024-05,17.48125,22.0,6.435,69.1875,16
France,2024,6,2024-06,21.113333333333333,30.4,5.46,56.733333333333334,30
France,2024,7,2024-07,24.268965517241377,35.1,3.78,49.310344827586206,29
France,2024,8,2024-08,25.80322580645161,36.8,4.580000000000001,49.193548387096776,31
France,2024,9,2024-09,18.116666666666667,27.2,0.5,72.53333333333333,30
France,2024,10,2024-10,14.003225806451614,21.0,5.029999999999999,87.45161290322581,31
France,2024,11,2024-11,8.963333333333333,14.2,2.15,87.53333333333333,30
France,2024,12,2024-12,6.548387096774194,11.2,2.72,85.19354838709677,31
France,2025,1,2025-01,4.6,12.1,3.81,88.90322580645162,31
France,2025,2,2025-02,5.514285714285714,13.0,1.57,85.64285714285714,28
France,2025,3,2025-03,9.348387096774195,14.3,0.5900000000000001,73.03225806451613,31
France,2025,4,2025-04,13.853333333333333,21.0,0.2,62.13333333333333,30
France,2025,5,2025-05,16.493333333333332,23.3,1.78,63.56666666666667,30
France,2025,6,2025-06,21.403333333333332,28.3,0.59,63.166666666666664,30
France,2025,7,2025-07,21.070967741935487,33.3,9.549999999999999,67.87096774193549,31
France,2025,8,2025-08,19.825806451612905,26.3,1.19,68.87096774193549,31
France,2025,9,2025-09,15.032142857142857,20.2,4.0200000000000005,83.0,28
Gabon,2024,5,2024-05,29.8125,31.0,3.065,78.3125,16
Gabon,2024,6,2024-06,28.113793103448273,30.0,0.68,72.48275862068965,29
Gabon,2024,7,2024-07,27.017241379310345,29.0,0.22,71.93103448275862,29
Gabon,2024,8,2024-08,27.203225806451613,30.4,0.43,69.80645161290323,31
Gabon,2024,9,2024-09,27.83,30.3,6.59,79.26666666666667,30
Gabon,2024,10,2024-10,26.12258064516129,28.3,17.39,87.06451612903226,31
Gabon,2024,11,2024-11,26.816666666666666,30.2,7.58,88.33333333333333,30
Gabon,2024,12,2024-12,28.98709677419355,30.3,9.74,76.74193548387096,31
Gabon,2025,1,2025-01,28.929032258064513,30.4,6.24,80.41935483870968,31
Gabon,2025,2,2025-02,29.3,31.0,12.059999999999999,81.46428571428571,28
Gabon,2025,3,2025-03,29.23548387096774,31.2,4.4,79.06451612903226,31
Gabon,2025,4,2025-04,28.69,31.3,2.94,80.56666666666666,30
Gabon,2025,5,2025-05,27.296774193548387,29.3,15.25,87.3225806451613,31
Gabon,2025,6,2025-06,26.57,28.3,2.99,85.8,30
Gabon,2025,7,2025-07,24.483870967741936,25.4,0.59,82.35483870967742,31
Gabon,2025,8,2025-08,23.97741935483871,25.2,0.8200000000000001,84.0,31
Gabon,2025,9,2025-09,24.896428571428572,26.2,2.0999999999999996,88.60714285714286,28
Gambia,2024,5,2024-05,33.21875,36.0,0.0,46.59375,16
Gambia,2024,6,2024-06,31.53103448275862,36.4,0.01,56.172413793103445,29
Gambia,2024,7,2024-07,29.0,33.2,4.22,75.64285714285714,28
Gambia,2024,8,2024-08,28.261290322580646,32.3,9.76,78.64516129032258,31
Gambia,2024,9,2024-09,27.553333333333335,30.4,6.7700000000000005,83.8,30
Gambia,2024,10,2024-10,27.338709677419356,29.1,23.66,81.54838709677419,31
Gambia,2024,11,2024-11,25.959999999999997,29.3,0.0,64.1,30
Gambia,2024,12,2024-12,25.154838709677417,28.3,0.0,39.645161290322584,31
Gambia,2025,1,2025-01,23.84193548387097,27.1,0.0,31.677419354838708,31
Gambia,2025,2,2025-02,22.707142857142856,25.1,0.0,38.42857142857143,28
Gambia,2025,3,2025-03,22.683870967741935,28.5,0.0,58.38709677419355,31
Gambia,2025,4,2025-04,23.666666666666668,30.2,0.0,66.3,30
Gambia,2025,5,2025-05,24.26451612903226,28.2,1.73,77.80645161290323,31
Gambia,2025,6,2025-06,26.003333333333334,27.4,0.030000000000000002,83.03333333333333,30
Gambia,2025,7,2025-07,25.9,28.4,8.76,90.25806451612904,31
Gambia,2025,8,2025-08,25.070967741935487,28.4,28.62,98.03225806451613,31
Gambia,2025,9,2025-09,24.410714285714285,25.4,3.57,99.78571428571429,28
Georgia,2024,5,2024-05,20.53125,27.0,0.18000000000000002,57.4375,16
Georgia,2024,6,2024-06,28.54137931034483,33.4,1.62,44.10344827586207,29
Georgia,2024,7,2024-07,30.075,37.4,1.3199999999999998,42.92857142857143,28
Georgia,2024,8,2024-08,31.458064516129035,37.1,4.92,35.774193548387096,31
Georgia,2024,9,2024-09,25.490000000000002,35.3,0.53,46.2,30
Georgia,2024,10,2024-10,17.629032258064516,25.3,1.4,54.645161290322584,31
Georgia,2024,11,2024-11,11.156666666666666,17.3,2.27,59.06666666666667,30
Georgia,2024,12,2024-12,6.935483870967742,10.9,0.6900000000000001,60.935483870967744,31
Georgia,2025,1,2025-01,8.706451612903225,14.4,0.1,51.61290322580645,31
Georgia,2025,2,2025-02,6.057142857142857,14.1,1.44,53.464285714285715,28
Georgia,2025,3,2025-03,14.983870967741936,27.3,1.92,42.67741935483871,31
Georgia,2025,4,2025-04,16.113333333333333,24.2,2.09,58.3,30
Georgia,2025,5,2025-05,21.738709677419354,28.1,1.16,52.903225806451616,31
Georgia,2025,6,2025-06,25.456666666666667,31.1,0.57,44.9,30
Georgia,2025,7,2025-07,29.503225806451614,34.1,3.01,45.774193548387096,31
Georgia,2025,8,2025-08,29.716129032258067,35.1,0.12,43.903225806451616,31
Georgia,2025,9,2025-09,21.57857142857143,31.0,1.21,61.892857142857146,28
Germany,2024,5,2024-05,22.25,27.0,3.77,52.53125,16
Germany,2024,6,2024-06,22.483333333333334,31.4,2.41,51.56666666666667,30
Germany,2024,7,2024-07,24.217241379310344,30.3,1.24,50.03448275862069,29
Germany,2024,8,2024-08,26.10967741935484,32.0,0.6,44.774193548387096,31
Germany,2024,9,2024-09,21.146666666666665,33.3,2.37,56.3,30
Germany,2024,10,2024-10,13.248387096774193,17.4,1.1300000000000001,75.09677419354838,31
Germany,2024,11,2024-11,5.989999999999999,13.3,4.31,81.56666666666666,30
Germany,2024,12,2024-12,4.883870967741935,12.3,1.07,81.90322580645162,31
Germany,2025,1,2025-01,3.829032258064516,10.3,1.11,80.48387096774194,31
Germany,2025,2,2025-02,2.607142857142857,10.1,0.25,76.07142857142857,28
Germany,2025,3,2025-03,8.067741935483872,14.1,0.6100000000000001,63.96774193548387,31
Germany,2025,4,2025-04,13.483333333333333,21.3,0.98,60.3,30
Germany,2025,5,2025-05,15.261290322580646,23.3,1.96,56.58064516129032,31
Germany,2025,6,2025-06,21.246666666666666,29.2,2.87,54.666666666666664,30
Germany,2025,7,2025-07,20.932258064516127,31.1,6.960000000000001,67.25806451612904,31
Germany,2025,8,2025-08,19.174193548387095,27.3,3.19,70.41935483870968,31
Germany,2025,9,2025-09,15.9,21.3,2.3400000000000003,77.92857142857143,28
Ghana,2024,5,2024-05,30.38125,33.0,1.78,71.84375,16
Ghana,2024,6,2024-06,29.02,31.3,6.93,74.83333333333333,30
Ghana,2024,7,2024-07,27.055172413793105,31.2,1.3699999999999999,77.0,29
Ghana,2024,8,2024-08,26.651612903225807,28.4,1.08,74.70967741935483,31
Ghana,2024,9,2024-09,28.1,30.4,1.17,72.13333333333334,30
Ghana,2024,10,2024-10,27.238709677419354,29.0,3.42,81.6774193548387,31
Ghana,2024,11,2024-11,28.323333333333334,31.3,2.9899999999999998,80.66666666666667,30
Ghana,2024,12,2024-12,30.203225806451613,33.2,0.03,61.645161290322584,31
Ghana,2025,1,2025-01,30.096774193548388,31.4,0.11,69.83870967741936,31
Ghana,2025,2,2025-02,30.025000000000002,31.3,0.06,72.28571428571429,28
Ghana,2025,3,2025-03,29.219354838709677,30.4,0.28,76.25806451612904,31
Ghana,2025,4,2025-04,28.663333333333334,31.4,0.22,80.26666666666667,30
Ghana,2025,5,2025-05,28.19677419354839,31.2,5.48,82.06451612903226,31
Ghana,2025,6,2025-06,26.646666666666665,28.4,12.54,87.03333333333333,30
Ghana,2025,7,2025-07,25.006451612903227,27.3,1.64,88.35483870967742,31
Ghana,2025,8,2025-08,24.041935483870965,25.4,0.71,90.54838709677419,31
Ghana,2025,9,2025-09,24.917857142857144,26.1,1.1099999999999999,89.46428571428571,28
Greece,2024,5,2024-05,24.875,30.0,0.45,44.78125,16
Greece,2024,6,2024-06,34.02068965517241,39.2,0.01,26.24137931034483,29
Greece,2024,7,2024-07,34.91428571428572,39.0,1.26,26.714285714285715,28
Greece,2024,8,2024-08,34.141935483870974,39.3,0.75,30.548387096774192,31
Greece,2024,9,2024-09,29.716666666666665,35.3,0.16999999999999998,36.13333333333333,30
Greece,2024,10,2024-10,24.177419354838708,31.2,0.0,42.38709677419355,31
Greece,2024,11,2024-11,17.15666666666667,22.3,0.14,55.6,30
Greece,2024,12,2024-12,14.764516129032257,19.2,0.62,60.12903225806452,31
Greece,2025,1,2025-01,15.14516129032258,19.1,1.75,64.3225806451613,31
Greece,2025,2,2025-02,11.674999999999999,18.0,1.9600000000000002,61.535714285714285,28
Greece,2025,3,2025-03,17.490322580645163,24.1,0.54,51.29032258064516,31
Greece,2025,4,2025-04,18.220000000000002,24.4,1.92,51.233333333333334,30
Greece,2025,5,2025-05,24.316129032258065,29.1,0.6200000000000001,38.96774193548387,31
Greece,2025,6,2025-06,31.46206896551724,37.3,0.0,30.655172413793103,29
Greece,2025,7,2025-07,34.61,38.2,0.0,25.8,30
Greece,2025,8,2025-08,30.074193548387097,33.2,0.0,38.483870967741936,31
Greece,2025,9,2025-09,27.489285714285717,33.3,0.01,39.535714285714285,28
Grenada,2024,5,2024-05,30.1375,32.0,0.695,73.59375,16
Grenada,2024,6,2024-06,29.75,31.4,6.07,76.92857142857143,28
Grenada,2024,7,2024-07,28.420689655172417,30.2,9.86,80.62068965517241,29
Grenada,2024,8,2024-08,28.580645161290324,31.4,14.799999999999999,79.58064516129032,31
Grenada,2024,9,2024-09,28.826666666666664,31.4,4.1,82.63333333333334,30
Grenada,2024,10,2024-10,27.654838709677417,30.3,2.82,85.61290322580645,31
Grenada,2024,11,2024-11,27.417241379310347,29.4,6.33,85.96551724137932,29
Grenada,2024,12,2024-12,25.9,28.3,4.4,83.83870967741936,31
Grenada,2025,1,2025-01,25.583333333333332,27.2,3.71,82.56666666666666,30
Grenada,2025,2,2025-02,25.52857142857143,27.2,2.39,83.71428571428571,28
Grenada,2025,3,2025-03,25.896774193548385,27.4,3.0,83.35483870967742,31
Grenada,2025,4,2025-04,26.386666666666667,28.3,3.5100000000000002,82.73333333333333,30
Grenada,2025,5,2025-05,27.251612903225805,28.3,5.84,82.93548387096774,31
Grenada,2025,6,2025-06,26.896666666666665,28.4,6.92,82.4,30
Grenada,2025,7,2025-07,26.761290322580646,28.3,4.72,86.09677419354838,31
Grenada,2025,8,2025-08,28.029032258064515,29.3,2.0700000000000003,82.51612903225806,31
Grenada,2025,9,2025-09,27.650000000000002,29.4,2.23,84.03571428571429,28
Guatemala,2024,5,2024-05,21.59375,25.0,0.7899999999999999,82.40625,16
Guatemala,2024,6,2024-06,19.448275862068964,23.0,14.01,88.65517241379311,29
Guatemala,2024,7,2024-07,17.392857142857142,19.2,0.9500000000000001,93.92857142857143,28
Guatemala,2024,8,2024-08,17.161290322580644,19.2,0.0,94.12903225806451,31
Guatemala,2024,9,2024-09,17.90666666666667,19.3,1.72,95.53333333333333,30
Guatemala,2024,10,2024-10,16.326666666666668,18.2,1.51,95.7,30
Guatemala,2024,11,2024-11,16.317241379310346,19.2,0.21,91.93103448275862,29
Guatemala,2024,12,2024-12,15.106451612903227,18.4,0.1,89.0,31
Guatemala,2025,1,2025-01,15.31,17.2,0.07,89.33333333333333,30
Guatemala,2025,2,2025-02,16.342857142857145,18.1,0.13,89.82142857142857,28
Guatemala,2025,3,2025-03,17.241935483870968,20.1,0.1,87.12903225806451,31
Guatemala,2025,4,2025-04,17.073333333333334,19.3,1.76,87.43333333333334,30
Guatemala,2025,5,2025-05,19.13,20.4,0.92,89.46666666666667,30
Guatemala,2025,6,2025-06,17.936666666666667,20.3,8.879999999999999,93.93333333333334,30
Guatemala,2025,7,2025-07,17.980645161290322,19.4,1.9300000000000002,91.09677419354838,31
Guatemala,2025,8,2025-08,17.87741935483871,19.3,6.03,92.16129032258064,31
Guatemala,2025,9,2025-09,18.196428571428573,19.3,5.03,95.14285714285714,28
Guinea,2024,5,2024-05,30.65625,33.0,0.33,71.84375,16
Guinea,2024,6,2024-06,29.196666666666665,33.0,8.72,75.46666666666667,30
Guinea,2024,7,2024-07,26.186206896551724,30.3,41.39,87.55172413793103,29
Guinea,2024,8,2024-08,25.98709677419355,30.2,37.22,87.09677419354838,31
Guinea,2024,9,2024-09,26.293333333333333,28.2,22.3,89.06666666666666,30
Guinea,2024,10,2024-10,26.10967741935484,28.4,7.989999999999999,86.06451612903226,31
Guinea,2024,11,2024-11,26.766666666666666,28.3,0.67,86.76666666666667,30
Guinea,2024,12,2024-12,26.193548387096776,29.2,0.01,62.58064516129032,31
Guinea,2025,1,2025-01,26.741935483870968,29.2,0.0,71.38709677419355,31
Guinea,2025,2,2025-02,27.207142857142856,29.4,0.0,75.85714285714286,28
Guinea,2025,3,2025-03,26.970967741935485,29.1,0.30000000000000004,75.90322580645162,31
Guinea,2025,4,2025-04,27.033333333333335,30.2,1.46,76.53333333333333,30
Guinea,2025,5,2025-05,26.967741935483872,29.2,9.5,84.3225806451613,31
Guinea,2025,6,2025-06,26.126666666666665,28.3,12.59,88.83333333333333,30
Guinea,2025,7,2025-07,24.929032258064513,27.2,47.77,93.70967741935483,31
Guinea,2025,8,2025-08,24.91290322580645,27.0,48.34,94.96774193548387,31
Guinea,2025,9,2025-09,24.764285714285712,25.4,21.41,94.92857142857143,28
Guinea-Bissau,2024,5,2024-05,34.6875,38.0,0.0,46.21875,16
Guinea-Bissau,2024,6,2024-06,31.990000000000002,36.3,0.7,58.56666666666667,30
Guinea-Bissau,2024,7,2024-07,28.882758620689657,33.2,24.08,75.79310344827586,29
Guinea-Bissau,2024,8,2024-08,28.200000000000003,31.3,32.36,79.6774193548387,31
Guinea-Bissau,2024,9,2024-09,27.736666666666668,31.4,16.34,85.1,30
Guinea-Bissau,2024,10,2024-10,26.76451612903226,28.4,7.17,88.51612903225806,31
Guinea-Bissau,2024,11,2024-11,25.623333333333335,29.2,0.0,85.1,30
Guinea-Bissau,2024,12,2024-12,26.083870967741937,29.2,0.0,39.32258064516129,31
Guinea-Bissau,2025,1,2025-01,24.638709677419357,29.7,0.0,36.67741935483871,31
Guinea-Bissau,2025,2,2025-02,24.11785714285714,27.5,0.0,39.535714285714285,28
Guinea-Bissau,2025,3,2025-03,23.770967741935483,27.2,0.0,65.83870967741936,31
Guinea-Bissau,2025,4,2025-04,25.386666666666667,31.2,0.060000000000000005,74.13333333333334,30
Guinea-Bissau,2025,5,2025-05,25.519354838709678,28.2,1.69,81.06451612903226,31
Guinea-Bissau,2025,6,2025-06,26.386666666666667,28.4,2.1999999999999997,87.06666666666666,30
Guinea-Bissau,2025,7,2025-07,25.280645161290323,27.3,56.97,96.83870967741936,31
Guinea-Bissau,2025,8,2025-08,25.141935483870967,26.3,20.759999999999998,96.74193548387096,31
Guinea-Bissau,2025,9,2025-09,24.582142857142856,27.2,25.19,97.25,28
Guyana,2024,5,2024-05,28.21875,31.0,12.845,84.5625,16
Guyana,2024,6,2024-06,27.67,31.4,17.35,85.8,30
Guyana,2024,7,2024-07,26.637931034482758,30.2,21.71,88.03448275862068,29
Guyana,2024,8,2024-08,26.94193548387097,28.9,11.55,83.61290322580645,31
Guyana,2024,9,2024-09,26.02,29.6,4.43,90.96666666666667,30
Guyana,2024,10,2024-10,25.2,27.7,6.58,92.46666666666667,30
Guyana,2024,11,2024-11,24.896551724137932,27.2,10.89,95.03448275862068,29
Guyana,2024,12,2024-12,23.648387096774194,25.4,18.83,95.61290322580645,31
Guyana,2025,1,2025-01,22.506666666666668,25.3,17.52,97.8,30
Guyana,2025,2,2025-02,23.192857142857143,24.3,11.48,97.28571428571429,28
Guyana,2025,3,2025-03,23.461290322580645,25.4,8.88,96.6774193548387,31
Guyana,2025,4,2025-04,24.563333333333333,26.3,15.17,96.03333333333333,30
Guyana,2025,5,2025-05,24.358064516129033,25.4,29.51,98.45161290322581,31
Guyana,2025,6,2025-06,24.186666666666667,25.3,19.76,98.3,30
Guyana,2025,7,2025-07,23.693548387096776,25.3,19.37,99.03225806451613,31
Guyana,2025,8,2025-08,24.26451612903226,26.3,14.7,96.29032258064517,31
Guyana,2025,9,2025-09,24.314285714285713,26.3,3.4699999999999998,97.25,28
Haiti,2024,5,2024-05,29.03125,32.0,2.5549999999999997,70.40625,16
Haiti,2024,6,2024-06,30.086666666666666,32.3,2.9899999999999998,69.83333333333333,30
Haiti,2024,7,2024-07,28.36551724137931,31.2,0.12,71.89655172413794,29
Haiti,2024,8,2024-08,28.070967741935487,30.3,0.0,74.51612903225806,31
Haiti,2024,9,2024-09,25.096666666666668,29.2,0.0,85.0,30
Haiti,2024,10,2024-10,21.34333333333333,24.7,0.0,91.73333333333333,30
Haiti,2024,11,2024-11,20.52758620689655,24.3,0.0,90.13793103448276,29
Haiti,2024,12,2024-12,19.183870967741935,23.3,0.0,93.06451612903226,31
Haiti,2025,1,2025-01,17.773333333333333,22.2,0.0,91.73333333333333,30
Haiti,2025,2,2025-02,17.053571428571427,21.5,0.0,88.35714285714286,28
Haiti,2025,3,2025-03,18.751612903225805,23.1,0.0,89.3225806451613,31
Haiti,2025,4,2025-04,19.603333333333335,22.7,0.0,91.73333333333333,30
Haiti,2025,5,2025-05,20.60666666666667,23.4,1.62,92.06666666666666,30
Haiti,2025,6,2025-06,20.61,23.7,0.0,91.06666666666666,30
Haiti,2025,7,2025-07,20.04516129032258,24.2,0.0,90.7741935483871,31
Haiti,2025,8,2025-08,21.04516129032258,25.7,3.49,90.83870967741936,31
Haiti,2025,9,2025-09,21.72142857142857,25.3,2.39,90.96428571428571,28
Honduras,2024,5,2024-05,24.625,27.0,0.415,71.65625,16
Honduras,2024,6,2024-06,21.853333333333335,26.0,12.129999999999999,86.93333333333334,30
Honduras,2024,7,2024-07,19.728571428571428,22.2,0.12000000000000001,91.57142857142857,28
Honduras,2024,8,2024-08,19.16774193548387,21.3,0.21000000000000002,93.48387096774194,31
Honduras,2024,9,2024-09,19.90666666666667,22.2,4.08,94.6,30
Honduras,2024,10,2024-10,16.773333333333333,21.1,1.38,96.16666666666667,30
Honduras,2024,11,2024-11,15.910344827586206,20.1,4.37,95.62068965517241,29
Honduras,2024,12,2024-12,15.85483870967742,19.2,0.25,94.03225806451613,31
Honduras,2025,1,2025-01,17.153333333333332,19.4,0.13,90.1,30
Honduras,2025,2,2025-02,17.985714285714288,20.3,0.18,87.03571428571429,28
Honduras,2025,3,2025-03,19.36774193548387,22.1,0.12,80.2258064516129,31
Honduras,2025,4,2025-04,20.02,22.3,0.32,77.2,30
Honduras,2025,5,2025-05,21.23,23.3,0.72,81.76666666666667,30
Honduras,2025,6,2025-06,20.376666666666665,23.3,2.7800000000000002,89.2,30
Honduras,2025,7,2025-07,20.216129032258067,21.4,0.11,85.54838709677419,31
Honduras,2025,8,2025-08,19.94516129032258,22.1,0.8500000000000001,86.09677419354838,31
Honduras,2025,9,2025-09,20.464285714285715,22.4,5.79,88.53571428571429,28
Hungary,2024,5,2024-05,23.4375,28.0,2.77,51.40625,16
Hungary,2024,6,2024-06,26.866666666666667,34.4,3.02,49.0,30
Hungary,2024,7,2024-07,31.279310344827586,37.1,2.09,35.0,29
Hungary,2024,8,2024-08,31.351612903225806,36.7,0.01,34.96774193548387,31
Hungary,2024,9,2024-09,21.946666666666665,33.2,4.72,55.36666666666667,30
Hungary,2024,10,2024-10,14.577419354838709,21.3,0.22,66.2258064516129,31
Hungary,2024,11,2024-11,6.053333333333333,14.9,3.6899999999999995,70.83333333333333,30
Hungary,2024,12,2024-12,4.77741935483871,12.1,0.46,74.25806451612904,31
Hungary,2025,1,2025-01,4.135483870967741,12.4,0.57,78.35483870967742,31
Hungary,2025,2,2025-02,2.8249999999999997,9.4,0.91,62.107142857142854,28
Hungary,2025,3,2025-03,10.879999999999999,17.3,3.51,60.5,30
Hungary,2025,4,2025-04,16.05,23.3,0.55,52.1,30
Hungary,2025,5,2025-05,16.25483870967742,23.2,2.57,58.58064516129032,31
Hungary,2025,6,2025-06,25.183333333333334,32.1,0.0,44.43333333333333,30
Hungary,2025,7,2025-07,24.532258064516128,30.4,0.73,51.58064516129032,31
Hungary,2025,8,2025-08,23.86935483870968,31.2,0.72,47.96774193548387,31
Hungary,2025,9,2025-09,19.457142857142856,24.4,0.31,69.82142857142857,28
Iceland,2024,5,2024-05,8.4375,12.0,4.28,76.03125,16
Iceland,2024,6,2024-06,9.466666666666667,13.0,2.34,77.86666666666666,30
Iceland,2024,7,2024-07,10.827586206896552,12.3,4.9799999999999995,90.13793103448276,29
Iceland,2024,8,2024-08,9.841935483870968,12.0,9.04,82.7741935483871,31
Iceland,2024,9,2024-09,6.97,11.2,2.18,86.26666666666667,30
Iceland,2024,10,2024-10,4.52258064516129,7.3,2.55,83.51612903225806,31
Iceland,2024,11,2024-11,3.216666666666667,11.0,7.65,76.56666666666666,30
Iceland,2024,12,2024-12,1.8806451612903226,8.1,4.35,77.61290322580645,31
Iceland,2025,1,2025-01,1.7451612903225806,8.3,12.54,82.0,31
Iceland,2025,2,2025-02,4.275,8.0,10.28,84.92857142857143,28
Iceland,2025,3,2025-03,3.4516129032258065,7.4,11.2,84.45161290322581,31
Iceland,2025,4,2025-04,5.066666666666666,9.1,0.97,76.13333333333334,30
Iceland,2025,5,2025-05,8.235483870967743,13.4,3.26,78.87096774193549,31
Iceland,2025,6,2025-06,8.066666666666666,10.4,2.35,82.6,30
Iceland,2025,7,2025-07,11.548387096774194,17.2,5.78,89.09677419354838,31
Iceland,2025,8,2025-08,11.54516129032258,15.3,4.4399999999999995,85.45161290322581,31
Iceland,2025,9,2025-09,8.196296296296296,15.2,4.390000000000001,77.96296296296296,27
Inde,2024,7,2024-07,31.2,31.2,0.0,71.0,1
India,2024,5,2024-05,39.5625,43.0,0.0,20.9375,16
India,2024,6,2024-06,38.199999999999996,44.8,2.83,32.37931034482759,29
India,2024,7,2024-07,34.528571428571425,40.0,7.0,60.42857142857143,28
India,2024,8,2024-08,32.04193548387097,35.2,6.34,68.64516129032258,31
India,2024,9,2024-09,31.013333333333332,35.3,2.78,71.26666666666667,30
India,2024,10,2024-10,34.71612903225807,37.8,0.0,29.70967741935484,31
India,2024,11,2024-11,28.95,35.9,0.0,31.566666666666666,30
India,2024,12,2024-12,21.88064516129032,26.3,0.1,31.64516129032258,31
India,2025,1,2025-01,20.73225806451613,26.0,0.03,47.774193548387096,31
India,2025,2,2025-02,25.099999999999998,30.2,0.0,33.607142857142854,28
India,2025,3,2025-03,30.783870967741933,37.2,0.0,23.06451612903226,31
India,2025,4,2025-04,37.519999999999996,41.1,0.83,18.366666666666667,30
India,2025,5,2025-05,35.99354838709677,42.1,0.44999999999999996,38.354838709677416,31
India,2025,6,2025-06,36.38666666666666,43.2,0.77,45.86666666666667,30
India,2025,7,2025-07,33.91935483870968,37.3,4.63,58.67741935483871,31
India,2025,8,2025-08,31.77741935483871,35.4,9.68,69.83870967741936,31
India,2025,9,2025-09,33.08571428571428,35.3,3.17,57.0,28
Indonesia,2024,5,2024-05,25.1234375,27.425,3.7674999999999996,85.59375,16
Indonesia,2024,6,2024-06,24.530555555555555,27.166666666666668,8.216666666666667,85.21666666666667,30
Indonesia,2024,7,2024-07,24.74655172413793,26.35,2.8,80.98275862068965,29
Indonesia,2024,8,2024-08,25.051612903225806,26.25,3.87,78.43548387096774,31
Indonesia,2024,9,2024-09,26.718333333333337,30.65,5.305,75.16666666666667,30
Indonesia,2024,10,2024-10,30.27258064516129,31.450000000000003,5.745,62.693548387096776,31
Indonesia,2024,11,2024-11,29.925,32.1,16.695,68.1,30
Indonesia,2024,12,2024-12,27.15,29.85,25.125,79.51612903225806,31
Indonesia,2025,1,2025-01,26.87741935483871,28.3,40.730000000000004,83.30645161290323,31
Indonesia,2025,2,2025-02,27.657142857142855,29.3,21.825,80.60714285714286,28
Indonesia,2025,3,2025-03,29.058064516129033,31.0,18.775,74.87096774193549,31
Indonesia,2025,4,2025-04,28.84333333333333,30.65,22.095,75.68333333333334,30
Indonesia,2025,5,2025-05,29.366129032258065,31.25,24.51,75.48387096774194,31
Indonesia,2025,6,2025-06,28.413333333333334,30.6,12.93,76.21666666666667,30
Indonesia,2025,7,2025-07,28.433870967741935,30.05,3.7049999999999996,71.96774193548387,31
Indonesia,2025,8,2025-08,28.774193548387096,30.05,5.78,68.46774193548387,31
Indonesia,2025,9,2025-09,29.494642857142857,31.15,5.35,66.875,28
Iran,2024,5,2024-05,24.3109375,32.2,0.76,29.0,16
Iran,2024,6,2024-06,30.818333333333335,34.1,0.025,19.2,30
Iran,2024,7,2024-07,34.12586206896552,36.7,0.0,15.086206896551724,29
Iran,2024,8,2024-08,34.5758064516129,37.35,0.0,13.5,31
Iran,2024,9,2024-09,28.075,34.7,0.295,19.2,30
Iran,2024,10,2024-10,19.643548387096775,25.4,0.17,24.43548387096774,31
Iran,2024,11,2024-11,12.201666666666666,17.9,2.195,42.766666666666666,30
Iran,2024,12,2024-12,6.408064516129032,9.65,0.6599999999999999,40.58064516129032,31
Iran,2025,1,2025-01,5.975806451612903,9.65,0.47,41.20967741935484,31
Iran,2025,2,2025-02,3.435714285714286,8.05,0.8250000000000001,43.80357142857143,28
Iran,2025,3,2025-03,12.69032258064516,22.1,5.24,36.17741935483871,31
Iran,2025,4,2025-04,19.988333333333333,27.1,0.925,26.35,30
Iran,2025,5,2025-05,25.996774193548386,30.7,0.22,19.70967741935484,31
Iran,2025,6,2025-06,28.135,33.65,0.08,16.483333333333334,30
Iran,2025,7,2025-07,32.42903225806452,36.05,0.015,15.14516129032258,31
Iran,2025,8,2025-08,32.67903225806452,35.400000000000006,0.0,13.935483870967742,31
Iran,2025,9,2025-09,25.942857142857143,31.0,0.015000000000000001,18.857142857142858,28
Iraq,2024,5,2024-05,37.94375,45.0,0.0,15.28125,16
Iraq,2024,6,2024-06,44.62,49.1,0.0,9.033333333333333,30
Iraq,2024,7,2024-07,44.800000000000004,49.1,0.0,10.862068965517242,29
Iraq,2024,8,2024-08,44.751612903225805,47.3,0.0,11.419354838709678,31
Iraq,2024,9,2024-09,39.81333333333334,47.2,0.0,17.166666666666668,30
Iraq,2024,10,2024-10,31.116129032258065,37.4,0.0,17.870967741935484,31
Iraq,2024,11,2024-11,23.403333333333332,28.0,0.0,39.266666666666666,30
Iraq,2024,12,2024-12,18.212903225806453,21.5,0.13,33.096774193548384,31
Iraq,2025,1,2025-01,16.467741935483872,19.0,0.63,44.54838709677419,31
Iraq,2025,2,2025-02,15.335714285714285,21.3,0.36,38.785714285714285,28
Iraq,2025,3,2025-03,22.31935483870968,30.1,0.48000000000000004,41.16129032258065,31
Iraq,2025,4,2025-04,28.68,37.3,0.14,28.233333333333334,30
Iraq,2025,5,2025-05,35.645161290322584,41.3,0.0,18.774193548387096,31
Iraq,2025,6,2025-06,39.78333333333333,44.8,0.0,13.5,30
Iraq,2025,7,2025-07,41.012903225806454,46.1,0.0,17.032258064516128,31
Iraq,2025,8,2025-08,41.0516129032258,45.2,0.0,16.387096774193548,31
Iraq,2025,9,2025-09,35.489285714285714,40.3,0.0,18.928571428571427,28
Ireland,2024,5,2024-05,15.84375,19.0,3.33,70.125,16
Ireland,2024,6,2024-06,16.148275862068967,23.2,3.3200000000000003,64.82758620689656,29
Ireland,2024,7,2024-07,17.44137931034483,21.3,4.59,68.41379310344827,29
Ireland,2024,8,2024-08,18.238709677419354,21.9,2.0,64.83870967741936,31
Ireland,2024,9,2024-09,14.616666666666667,19.4,3.23,78.7,30
Ireland,2024,10,2024-10,11.44516129032258,14.3,1.84,83.09677419354838,31
Ireland,2024,11,2024-11,8.003333333333334,14.1,6.53,88.9,30
Ireland,2024,12,2024-12,7.464516129032258,13.0,1.8599999999999999,83.87096774193549,31
Ireland,2025,1,2025-01,4.516129032258065,12.0,9.41,87.74193548387096,31
Ireland,2025,2,2025-02,6.989285714285714,13.1,3.2399999999999998,82.78571428571429,28
Ireland,2025,3,2025-03,8.574193548387097,13.3,0.4,79.03225806451613,31
Ireland,2025,4,2025-04,10.983333333333333,17.3,5.75,77.46666666666667,30
Ireland,2025,5,2025-05,13.464516129032257,17.3,1.09,73.58064516129032,31
Ireland,2025,6,2025-06,15.203333333333335,22.2,8.379999999999999,78.3,30
Ireland,2025,7,2025-07,16.273333333333333,22.1,1.38,82.03333333333333,30
Ireland,2025,8,2025-08,15.935483870967742,20.2,0.34,83.25806451612904,31
Ireland,2025,9,2025-09,11.564285714285715,17.1,4.44,89.03571428571429,28
Israel,2024,5,2024-05,27.3125,33.0,0.0,47.96875,16
Israel,2024,6,2024-06,31.16,35.4,0.0,46.8,30
Israel,2024,7,2024-07,31.785714285714285,36.4,0.0,40.25,28
Israel,2024,8,2024-08,30.461290322580645,33.0,0.0,33.903225806451616,31
Israel,2024,9,2024-09,30.116666666666667,33.0,0.01,45.333333333333336,30
Israel,2024,10,2024-10,24.719354838709677,29.1,0.01,37.354838709677416,31
Israel,2024,11,2024-11,17.35666666666667,22.1,0.26,48.86666666666667,30
Israel,2024,12,2024-12,14.438709677419356,18.1,0.8800000000000001,42.87096774193548,31
Israel,2025,1,2025-01,18.664516129032258,25.3,0.21,47.32258064516129,31
Israel,2025,2,2025-02,16.310714285714287,21.4,3.12,52.92857142857143,28
Israel,2025,3,2025-03,22.625806451612902,35.3,0.94,41.74193548387097,31
Israel,2025,4,2025-04,24.553333333333335,39.0,0.15,39.333333333333336,30
Israel,2025,5,2025-05,27.01290322580645,38.4,0.36,44.70967741935484,31
Israel,2025,6,2025-06,29.376666666666665,33.3,0.0,52.7,30
Israel,2025,7,2025-07,32.00645161290323,35.4,0.0,49.54838709677419,31
Israel,2025,8,2025-08,31.54516129032258,35.3,0.0,52.41935483870968,31
Israel,2025,9,2025-09,29.45357142857143,30.4,0.01,53.92857142857143,28
Italy,2024,5,2024-05,24.0625,28.0,0.01,52.5625,16
Italy,2024,6,2024-06,29.32,36.9,0.65,39.266666666666666,30
Italy,2024,7,2024-07,34.38214285714286,37.7,0.06,33.392857142857146,28
Italy,2024,8,2024-08,34.71935483870968,36.8,0.08,34.70967741935484,31
Italy,2024,9,2024-09,25.490000000000002,35.1,3.83,56.43333333333333,30
Italy,2024,10,2024-10,21.019354838709678,24.3,4.16,72.51612903225806,31
Italy,2024,11,2024-11,13.916666666666666,19.0,0.4,74.76666666666667,30
Italy,2024,12,2024-12,10.30967741935484,13.4,3.07,69.70967741935483,31
Italy,2025,1,2025-01,12.12258064516129,16.3,2.45,74.45161290322581,31
Italy,2025,2,2025-02,11.396428571428572,15.2,1.3900000000000001,76.78571428571429,28
Italy,2025,3,2025-03,13.738709677419356,18.1,2.12,72.93548387096774,31
Italy,2025,4,2025-04,17.06,22.4,1.62,68.93333333333334,30
Italy,2025,5,2025-05,20.47741935483871,25.2,2.51,64.09677419354838,31
Italy,2025,6,2025-06,28.703333333333333,32.3,0.2,46.333333333333336,30
Italy,2025,7,2025-07,28.55483870967742,34.9,0.92,49.096774193548384,31
Italy,2025,8,2025-08,27.241935483870968,33.4,3.4,56.70967741935484,31
Italy,2025,9,2025-09,22.49285714285714,26.2,6.57,71.67857142857143,28
Jamaica,2024,5,2024-05,30.453125,33.0,0.23,67.3125,16
Jamaica,2024,6,2024-06,30.323333333333334,32.2,4.02,70.63333333333334,30
Jamaica,2024,7,2024-07,28.43793103448276,30.3,0.08,76.6896551724138,29
Jamaica,2024,8,2024-08,28.241935483870968,31.1,0.1,78.2258064516129,31
Jamaica,2024,9,2024-09,28.826666666666664,31.3,0.02,79.5,30
Jamaica,2024,10,2024-10,27.25,29.2,28.74,86.46666666666667,30
Jamaica,2024,11,2024-11,26.348275862068967,28.0,51.78,85.58620689655173,29
Jamaica,2024,12,2024-12,25.55806451612903,27.4,0.0,86.80645161290323,31
Jamaica,2025,1,2025-01,25.05666666666667,27.3,0.0,80.03333333333333,30
Jamaica,2025,2,2025-02,25.103571428571428,26.2,0.0,75.71428571428571,28
Jamaica,2025,3,2025-03,25.24516129032258,27.0,0.0,74.74193548387096,31
Jamaica,2025,4,2025-04,25.946666666666665,27.3,2.49,73.56666666666666,30
Jamaica,2025,5,2025-05,26.60666666666667,28.3,0.0,79.53333333333333,30
Jamaica,2025,6,2025-06,27.490000000000002,29.4,0.0,74.73333333333333,30
Jamaica,2025,7,2025-07,27.52258064516129,30.3,0.0,76.74193548387096,31
Jamaica,2025,8,2025-08,27.980645161290322,29.4,0.0,78.51612903225806,31
Jamaica,2025,9,2025-09,27.90357142857143,29.3,0.0,78.46428571428571,28
Japan,2024,5,2024-05,20.583333333333332,22.8,5.300000000000001,75.13333333333334,15
Japan,2024,6,2024-06,22.673333333333336,27.9,1.27,78.2,30
Japan,2024,7,2024-07,27.844827586206897,31.9,4.74,79.37931034482759,29
Japan,2024,8,2024-08,28.88064516129032,32.3,5.49,76.7741935483871,31
Japan,2024,9,2024-09,27.053333333333335,32.3,3.0500000000000003,79.9,30
Japan,2024,10,2024-10,22.38064516129032,28.1,3.06,75.61290322580645,31
Japan,2024,11,2024-11,15.986666666666668,21.6,12.61,55.53333333333333,30
Japan,2024,12,2024-12,10.429032258064517,17.4,0.06999999999999999,49.064516129032256,31
Japan,2025,1,2025-01,8.570967741935483,11.1,3.3099999999999996,52.83870967741935,31
Japan,2025,2,2025-02,8.214285714285714,13.2,0.67,44.82142857142857,28
Japan,2025,3,2025-03,11.983870967741936,20.3,5.43,68.35483870967742,31
Japan,2025,4,2025-04,18.273333333333333,24.0,2.2800000000000002,58.06666666666667,30
Japan,2025,5,2025-05,20.858064516129033,27.0,16.81,64.61290322580645,31
Japan,2025,6,2025-06,27.066666666666666,33.4,3.91,67.5,30
Japan,2025,7,2025-07,30.27741935483871,33.3,1.43,66.35483870967742,31
Japan,2025,8,2025-08,32.596774193548384,37.1,1.3599999999999999,60.516129032258064,31
Japan,2025,9,2025-09,29.264285714285712,35.2,10.92,62.607142857142854,28
Jemen,2024,7,2024-07,26.1,26.1,0.2,34.0,1
Jordan,2024,5,2024-05,27.875,32.0,0.01,30.3125,16
Jordan,2024,6,2024-06,34.78333333333333,40.2,0.0,20.866666666666667,30
Jordan,2024,7,2024-07,32.824137931034485,36.3,0.0,27.103448275862068,29
Jordan,2024,8,2024-08,32.248387096774195,35.2,0.0,30.612903225806452,31
Jordan,2024,9,2024-09,29.253333333333334,34.2,0.030000000000000002,35.7,30
Jordan,2024,10,2024-10,24.32903225806452,30.1,0.02,35.935483870967744,31
Jordan,2024,11,2024-11,18.0,23.4,0.36,49.96666666666667,30
Jordan,2024,12,2024-12,14.890322580645162,19.2,0.47,40.87096774193548,31
Jordan,2025,1,2025-01,13.893548387096773,16.2,0.06,48.225806451612904,31
Jordan,2025,2,2025-02,10.807142857142859,18.1,2.0100000000000002,53.464285714285715,28
Jordan,2025,3,2025-03,17.625806451612902,27.2,0.85,42.193548387096776,31
Jordan,2025,4,2025-04,21.776666666666664,33.2,0.07,30.833333333333332,30
Jordan,2025,5,2025-05,25.780645161290323,33.1,0.02,24.93548387096774,31
Jordan,2025,6,2025-06,29.273333333333333,34.0,0.0,22.166666666666668,30
Jordan,2025,7,2025-07,30.42258064516129,34.1,0.0,24.741935483870968,31
Jordan,2025,8,2025-08,29.919354838709676,41.1,0.0,40.0,31
Jordan,2025,9,2025-09,26.092857142857145,30.0,0.0,39.67857142857143,28
Kazakhstan,2024,5,2024-05,13.90625,21.0,1.8,66.90625,16
Kazakhstan,2024,6,2024-06,24.489655172413794,32.1,3.34,48.55172413793103,29
Kazakhstan,2024,7,2024-07,24.451724137931034,32.0,5.21,50.275862068965516,29
Kazakhstan,2024,8,2024-08,22.154838709677417,34.1,4.69,51.806451612903224,31
Kazakhstan,2024,9,2024-09,15.426666666666668,22.4,0.88,50.93333333333333,30
Kazakhstan,2024,10,2024-10,9.661290322580646,23.4,2.45,55.16129032258065,31
Kazakhstan,2024,11,2024-11,-2.0833333333333335,13.3,1.54,79.7,30
Kazakhstan,2024,12,2024-12,-9.374193548387098,-1.8,0.84,85.64516129032258,31
Kazakhstan,2025,1,2025-01,-9.187096774193549,-0.7,1.06,80.35483870967742,31
Kazakhstan,2025,2,2025-02,-6.992857142857143,-0.6,0.26,82.28571428571429,28
Kazakhstan,2025,3,2025-03,-0.3419354838709677,11.3,1.11,68.12903225806451,31
Kazakhstan,2025,4,2025-04,15.896666666666667,25.3,1.12,43.733333333333334,30
Kazakhstan,2025,5,2025-05,22.14516129032258,33.4,2.46,39.225806451612904,31
Kazakhstan,2025,6,2025-06,24.85,35.0,2.67,46.56666666666667,30
Kazakhstan,2025,7,2025-07,26.322580645161292,34.1,1.5899999999999999,38.25806451612903,31
Kazakhstan,2025,8,2025-08,22.55483870967742,34.4,3.27,47.03225806451613,31
Kazakhstan,2025,9,2025-09,18.303571428571427,28.1,3.6300000000000003,51.607142857142854,28
Kenya,2024,5,2024-05,23.69375,26.0,8.935,58.90625,16
Kenya,2024,6,2024-06,22.505,25.3,7.43,55.55,30
Kenya,2024,7,2024-07,22.26551724137931,26.1,9.11,53.89655172413793,29
Kenya,2024,8,2024-08,22.812903225806455,26.2,0.36,48.16129032258065,31
Kenya,2024,9,2024-09,24.63,28.4,0.38,40.96666666666667,30
Kenya,2024,10,2024-10,23.92258064516129,26.4,4.6,46.61290322580645,31
Kenya,2024,11,2024-11,22.353333333333335,25.3,7.3100000000000005,60.2,30
Kenya,2024,12,2024-12,24.309677419354838,26.2,0.98,46.70967741935484,31
Kenya,2025,1,2025-01,25.04516129032258,27.4,4.03,41.12903225806452,31
Kenya,2025,2,2025-02,25.335714285714285,28.4,0.05,38.607142857142854,28
Kenya,2025,3,2025-03,24.248387096774195,28.1,3.8600000000000003,51.38709677419355,31
Kenya,2025,4,2025-04,22.25,24.2,5.2700000000000005,62.43333333333333,30
Kenya,2025,5,2025-05,21.725806451612904,24.2,6.88,61.38709677419355,31
Kenya,2025,6,2025-06,20.143333333333334,23.1,1.1600000000000001,64.73333333333333,30
Kenya,2025,7,2025-07,18.17096774193548,21.1,0.49,73.74193548387096,31
Kenya,2025,8,2025-08,18.335483870967742,22.3,2.15,68.35483870967742,31
Kenya,2025,9,2025-09,19.724999999999998,22.4,0.13,64.82142857142857,28
Kiribati,2024,5,2024-05,29.0875,29.5,1.22,74.3125,16
Kiribati,2024,6,2024-06,28.862068965517242,29.3,0.47000000000000003,71.20689655172414,29
Kiribati,2024,7,2024-07,28.585714285714285,29.3,2.94,72.5,28
Kiribati,2024,8,2024-08,28.683870967741935,29.6,1.8900000000000001,72.38709677419355,31
Kiribati,2024,9,2024-09,28.316666666666666,29.0,2.125,71.78333333333333,30
Kiribati,2024,10,2024-10,28.05806451612903,28.7,0.32,73.41935483870968,31
Kiribati,2024,11,2024-11,27.903333333333332,28.8,1.58,72.2,30
Kiribati,2024,12,2024-12,27.874193548387098,28.3,2.01,77.38709677419355,31
Kiribati,2025,1,2025-01,27.26774193548387,28.3,0.42000000000000004,77.16129032258064,31
Kiribati,2025,2,2025-02,26.910714285714285,27.5,0.24,77.92857142857143,28
Kiribati,2025,3,2025-03,26.83225806451613,27.3,0.72,81.54838709677419,31
Kiribati,2025,4,2025-04,27.323333333333334,27.8,2.82,81.4,30
Kiribati,2025,5,2025-05,27.86774193548387,28.2,0.69,78.58064516129032,31
Kiribati,2025,6,2025-06,28.12,28.8,2.6500000000000004,74.33333333333333,30
Kiribati,2025,7,2025-07,27.961290322580645,28.6,3.22,75.38709677419355,31
Kiribati,2025,8,2025-08,27.958064516129035,28.6,2.38,73.7741935483871,31
Kiribati,2025,9,2025-09,27.521428571428572,27.9,0.67,73.64285714285714,28
Komoren,2024,7,2024-07,25.2,25.2,0.0,71.0,1
Kosovo,2024,6,2024-06,29.3,29.3,0.27,42.0,1
Kuwait,2024,5,2024-05,39.4125,45.7,0.0,14.90625,16
Kuwait,2024,6,2024-06,43.99,49.2,0.0,12.733333333333333,30
Kuwait,2024,7,2024-07,44.206896551724135,48.1,0.0,15.862068965517242,29
Kuwait,2024,8,2024-08,41.729032258064514,45.2,0.0,25.612903225806452,31
Kuwait,2024,9,2024-09,41.31333333333334,44.1,0.0,16.1,30
Kuwait,2024,10,2024-10,31.506451612903227,41.8,0.09,26.258064516129032,31
Kuwait,2024,11,2024-11,25.85666666666667,32.4,0.62,36.233333333333334,30
Kuwait,2024,12,2024-12,20.129032258064516,25.1,0.0,30.193548387096776,31
Kuwait,2025,1,2025-01,20.016129032258064,23.9,0.63,31.451612903225808,31
Kuwait,2025,2,2025-02,18.310714285714287,24.1,0.13,36.32142857142857,28
Kuwait,2025,3,2025-03,23.480645161290322,33.1,0.3,37.354838709677416,31
Kuwait,2025,4,2025-04,32.49666666666666,42.7,0.02,23.1,30
Kuwait,2025,5,2025-05,39.332258064516125,47.7,0.0,12.612903225806452,31
Kuwait,2025,6,2025-06,42.2,48.6,0.0,10.633333333333333,30
Kuwait,2025,7,2025-07,44.68064516129032,48.8,0.0,8.935483870967742,31
Kuwait,2025,8,2025-08,42.13870967741936,48.2,0.0,19.870967741935484,31
Kuwait,2025,9,2025-09,39.246428571428574,44.4,0.0,15.5,28
Kyrghyzstan,2024,5,2024-05,15.63125,19.3,6.21,70.8125,16
Kyrghyzstan,2024,6,2024-06,24.90666666666667,34.8,5.359999999999999,41.56666666666667,30
Kyrghyzstan,2024,7,2024-07,27.75357142857143,36.5,14.78,39.92857142857143,28
Kyrghyzstan,2024,8,2024-08,29.641935483870967,38.4,7.3500000000000005,27.967741935483872,31
Kyrghyzstan,2024,9,2024-09,22.243333333333332,27.8,2.01,28.033333333333335,30
Kyrghyzstan,2024,10,2024-10,16.093548387096774,25.1,2.54,45.225806451612904,31
Kyrghyzstan,2024,11,2024-11,9.963333333333333,21.9,2.18,49.833333333333336,30
Kyrghyzstan,2024,12,2024-12,0.4000000000000001,5.3,3.7399999999999998,73.58064516129032,31
Kyrghyzstan,2025,1,2025-01,0.28387096774193543,4.5,1.17,79.64516129032258,31
Kyrghyzstan,2025,2,2025-02,3.5214285714285714,17.0,0.44,71.25,28
Kyrghyzstan,2025,3,2025-03,10.548387096774194,23.1,1.8499999999999999,50.645161290322584,31
Kyrghyzstan,2025,4,2025-04,20.703333333333333,31.6,1.76,36.2,30
Kyrghyzstan,2025,5,2025-05,25.567741935483873,34.5,2.26,34.225806451612904,31
Kyrghyzstan,2025,6,2025-06,31.926666666666666,38.6,1.69,21.333333333333332,30
Kyrghyzstan,2025,7,2025-07,34.62903225806452,40.1,1.81,17.032258064516128,31
Kyrghyzstan,2025,8,2025-08,31.88064516129032,36.4,0.56,17.419354838709676,31
Kyrghyzstan,2025,9,2025-09,25.175,32.5,2.08,25.642857142857142,28
Lao People'S Democratic Republic,2024,6,2024-06,25.0,25.0,1.97,95.0,1
Latvia,2024,5,2024-05,24.875,28.0,2.77,43.25,16
Latvia,2024,6,2024-06,21.163333333333334,32.1,2.04,58.03333333333333,30
Latvia,2024,7,2024-07,22.477777777777778,29.2,4.24,61.51851851851852,27
Latvia,2024,8,2024-08,22.364516129032257,31.0,3.58,59.16129032258065,31
Latvia,2024,9,2024-09,20.62,29.2,2.5300000000000002,62.7,30
Latvia,2024,10,2024-10,11.09032258064516,15.4,0.8500000000000001,72.87096774193549,31
Latvia,2024,11,2024-11,5.323333333333333,13.2,3.33,84.46666666666667,30
Latvia,2024,12,2024-12,2.925806451612903,8.2,2.7800000000000002,82.45161290322581,31
Latvia,2025,1,2025-01,2.8032258064516125,7.3,3.94,88.16129032258064,31
Latvia,2025,2,2025-02,-1.4857142857142858,3.2,1.32,80.14285714285714,28
Latvia,2025,3,2025-03,6.370967741935484,13.3,1.58,69.61290322580645,31
Latvia,2025,4,2025-04,9.526666666666667,24.1,2.59,65.4,30
Latvia,2025,5,2025-05,12.316129032258065,20.3,3.4899999999999998,61.935483870967744,31
Latvia,2025,6,2025-06,16.736666666666668,23.2,4.5,69.66666666666667,30
Latvia,2025,7,2025-07,21.67096774193548,27.1,5.5,72.0,31
Latvia,2025,8,2025-08,17.606451612903225,24.1,3.96,75.41935483870968,31
Latvia,2025,9,2025-09,16.37142857142857,22.2,1.78,83.71428571428571,28
Lebanon,2024,5,2024-05,25.09375,29.0,0.0,63.9375,16
Lebanon,2024,6,2024-06,28.61,31.4,0.0,66.56666666666666,30
Lebanon,2024,7,2024-07,30.260714285714283,33.1,0.02,64.60714285714286,28
Lebanon,2024,8,2024-08,29.71935483870968,32.2,0.0,63.87096774193548,31
Lebanon,2024,9,2024-09,29.696666666666665,31.4,0.15,59.2,30
Lebanon,2024,10,2024-10,25.02258064516129,28.4,0.04,53.29032258064516,31
Lebanon,2024,11,2024-11,21.296666666666667,25.3,2.32,59.63333333333333,30
Lebanon,2024,12,2024-12,18.216129032258067,22.2,3.5300000000000002,54.064516129032256,31
Lebanon,2025,1,2025-01,18.864516129032257,21.2,1.1,53.61290322580645,31
Lebanon,2025,2,2025-02,14.821428571428571,19.1,5.72,54.5,28
Lebanon,2025,3,2025-03,20.033333333333335,26.2,1.3,56.2,30
Lebanon,2025,4,2025-04,21.433333333333334,28.3,1.7,57.4,30
Lebanon,2025,5,2025-05,24.62258064516129,32.4,0.9600000000000001,62.16129032258065,31
Lebanon,2025,6,2025-06,27.029999999999998,29.3,0.0,67.76666666666667,30
Lebanon,2025,7,2025-07,29.72258064516129,31.3,0.0,65.87096774193549,31
Lebanon,2025,8,2025-08,30.164516129032258,32.3,0.0,65.45161290322581,31
Lebanon,2025,9,2025-09,28.714285714285715,30.3,0.06,61.17857142857143,28
Lesotho,2024,5,2024-05,20.9875,24.7,0.0,21.3125,16
Lesotho,2024,6,2024-06,15.083333333333334,20.0,1.2100000000000002,34.9,30
Lesotho,2024,7,2024-07,15.332142857142857,22.4,0.0,20.857142857142858,28
Lesotho,2024,8,2024-08,20.26451612903226,25.2,0.0,17.129032258064516,31
Lesotho,2024,9,2024-09,20.44,28.3,0.15,35.36666666666667,30
Lesotho,2024,10,2024-10,22.34193548387097,31.2,0.36000000000000004,30.322580645161292,31
Lesotho,2024,11,2024-11,24.646666666666665,31.4,0.88,34.5,30
Lesotho,2024,12,2024-12,29.248387096774195,35.6,1.35,26.64516129032258,31
Lesotho,2025,1,2025-01,26.990322580645163,33.0,1.05,44.54838709677419,31
Lesotho,2025,2,2025-02,26.146428571428572,33.4,4.81,45.92857142857143,28
Lesotho,2025,3,2025-03,22.480645161290322,30.0,3.87,58.29032258064516,31
Lesotho,2025,4,2025-04,16.95,22.2,8.27,67.86666666666666,30
Lesotho,2025,5,2025-05,13.964516129032257,18.9,0.15,53.29032258064516,31
Lesotho,2025,6,2025-06,10.623333333333333,14.4,0.07,50.93333333333333,30
Lesotho,2025,7,2025-07,10.729032258064517,15.1,0.37,56.903225806451616,31
Lesotho,2025,8,2025-08,12.990322580645161,20.9,0.32,49.16129032258065,31
Lesotho,2025,9,2025-09,18.460714285714285,23.5,0.33,38.607142857142854,28
Letonia,2024,7,2024-07,20.6,20.6,1.83,94.0,1
Liberia,2024,5,2024-05,30.84375,33.0,2.01,73.96875,16
Liberia,2024,6,2024-06,28.372413793103448,31.0,20.72,82.58620689655173,29
Liberia,2024,7,2024-07,26.644827586206898,30.3,18.07,81.51724137931035,29
Liberia,2024,8,2024-08,25.79032258064516,27.1,25.31,81.03225806451613,31
Liberia,2024,9,2024-09,25.896666666666665,28.1,28.32,86.9,30
Liberia,2024,10,2024-10,25.9,28.2,15.37,89.3225806451613,31
Liberia,2024,11,2024-11,26.936666666666667,30.2,3.98,88.63333333333334,30
Liberia,2024,12,2024-12,28.25483870967742,29.6,0.2,77.74193548387096,31
Liberia,2025,1,2025-01,27.9741935483871,30.1,0.7,81.58064516129032,31
Liberia,2025,2,2025-02,28.22142857142857,30.2,1.77,80.21428571428571,28
Liberia,2025,3,2025-03,27.335483870967742,30.2,2.16,82.83870967741936,31
Liberia,2025,4,2025-04,27.096666666666668,29.3,2.59,87.23333333333333,30
Liberia,2025,5,2025-05,26.480645161290322,29.0,9.22,89.70967741935483,31
Liberia,2025,6,2025-06,25.526666666666664,27.2,15.79,91.66666666666667,30
Liberia,2025,7,2025-07,24.62258064516129,26.2,11.45,92.25806451612904,31
Liberia,2025,8,2025-08,24.248387096774195,25.4,9.5,92.96774193548387,31
Liberia,2025,9,2025-09,24.36785714285714,25.4,18.02,94.07142857142857,28
Libya,2024,6,2024-06,27.0,27.0,0.0,74.0,1
Liechtenstein,2024,5,2024-05,17.125,23.0,10.3,68.0,16
Liechtenstein,2024,6,2024-06,20.720000000000002,27.3,14.67,68.46666666666667,30
Liechtenstein,2024,7,2024-07,22.482142857142858,29.4,3.43,61.107142857142854,28
Liechtenstein,2024,8,2024-08,22.951612903225808,28.2,3.9799999999999995,55.645161290322584,31
Liechtenstein,2024,9,2024-09,16.503333333333334,26.0,4.890000000000001,70.83333333333333,30
Liechtenstein,2024,10,2024-10,11.54516129032258,16.3,5.1,87.96774193548387,31
Liechtenstein,2024,11,2024-11,2.14,9.4,3.3099999999999996,93.86666666666666,30
Liechtenstein,2024,12,2024-12,-0.5870967741935483,4.4,4.08,89.06451612903226,31
Liechtenstein,2025,1,2025-01,2.2451612903225806,9.3,7.409999999999999,85.35483870967742,31
Liechtenstein,2025,2,2025-02,3.1607142857142856,8.2,1.09,90.82142857142857,28
Liechtenstein,2025,3,2025-03,6.864516129032258,15.0,3.1,81.58064516129032,31
Liechtenstein,2025,4,2025-04,10.236666666666668,15.1,1.07,73.23333333333333,30
Liechtenstein,2025,5,2025-05,13.529032258064516,20.0,7.67,71.19354838709677,31
Liechtenstein,2025,6,2025-06,20.220000000000002,26.0,3.25,69.9,30
Liechtenstein,2025,7,2025-07,19.06451612903226,26.1,20.07,76.2258064516129,31
Liechtenstein,2025,8,2025-08,18.883870967741935,26.3,6.09,79.90322580645162,31
Liechtenstein,2025,9,2025-09,15.089285714285714,20.2,6.01,85.71428571428571,28
Lithuania,2024,5,2024-05,21.96875,26.0,5.395,50.15625,16
Lithuania,2024,6,2024-06,21.836666666666666,31.2,5.27,56.266666666666666,30
Lithuania,2024,7,2024-07,23.349999999999998,29.2,18.41,57.857142857142854,28
Lithuania,2024,8,2024-08,23.809677419354838,30.2,0.96,54.806451612903224,31
Lithuania,2024,9,2024-09,21.46333333333333,28.0,2.4499999999999997,53.43333333333333,30
Lithuania,2024,10,2024-10,10.229032258064517,18.1,2.19,76.54838709677419,31
Lithuania,2024,11,2024-11,3.31,11.3,0.9500000000000001,86.96666666666667,30
Lithuania,2024,12,2024-12,2.0516129032258066,6.8,0.72,86.45161290322581,31
Lithuania,2025,1,2025-01,1.729032258064516,6.4,2.62,89.74193548387096,31
Lithuania,2025,2,2025-02,-2.8857142857142857,3.4,0.33,73.67857142857143,28
Lithuania,2025,3,2025-03,6.619354838709677,13.3,2.05,64.25806451612904,31
Lithuania,2025,4,2025-04,11.066666666666666,23.2,0.59,56.333333333333336,30
Lithuania,2025,5,2025-05,11.661290322580646,20.3,6.16,59.0,31
Lithuania,2025,6,2025-06,17.19333333333333,24.3,4.45,68.26666666666667,30
Lithuania,2025,7,2025-07,20.66774193548387,28.0,15.93,72.29032258064517,31
Lithuania,2025,8,2025-08,17.65806451612903,24.2,2.5,72.87096774193549,31
Lithuania,2025,9,2025-09,15.796428571428573,22.3,1.4800000000000002,80.46428571428571,28
Luxembourg,2024,5,2024-05,16.63125,19.4,5.71,66.84375,16
Luxembourg,2024,6,2024-06,18.92758620689655,28.1,7.54,63.724137931034484,29
Luxembourg,2024,7,2024-07,21.375,29.1,3.6,63.25,28
Luxembourg,2024,8,2024-08,23.04516129032258,30.5,3.8899999999999997,62.193548387096776,31
Luxembourg,2024,9,2024-09,16.616666666666667,27.1,2.38,75.73333333333333,30
Luxembourg,2024,10,2024-10,11.625806451612902,17.2,1.78,89.06451612903226,31
Luxembourg,2024,11,2024-11,5.586666666666667,15.0,1.47,90.26666666666667,30
Luxembourg,2024,12,2024-12,3.270967741935484,9.6,1.07,89.2258064516129,31
Luxembourg,2025,1,2025-01,2.3838709677419354,12.1,6.54,88.29032258064517,31
Luxembourg,2025,2,2025-02,2.5535714285714284,10.2,0.22,82.60714285714286,28
Luxembourg,2025,3,2025-03,7.490322580645161,14.2,0.04,65.6774193548387,31
Luxembourg,2025,4,2025-04,11.246666666666666,17.4,3.14,67.33333333333333,30
Luxembourg,2025,5,2025-05,14.648387096774194,24.1,2.3,59.96774193548387,31
Luxembourg,2025,6,2025-06,18.9,26.0,1.43,70.4,30
Luxembourg,2025,7,2025-07,18.825806451612905,29.1,3.06,69.64516129032258,31
Luxembourg,2025,8,2025-08,17.580645161290324,26.3,1.36,74.35483870967742,31
Luxembourg,2025,9,2025-09,12.853571428571428,17.3,6.33,91.53571428571429,28
Macedonia,2024,5,2024-05,23.84375,27.0,2.46,59.6875,16
Macedonia,2024,6,2024-06,33.36896551724138,39.2,0.06,38.6551724137931,29
Macedonia,2024,7,2024-07,34.99285714285715,41.4,1.67,28.464285714285715,28
Macedonia,2024,8,2024-08,35.97096774193548,41.3,0.19,22.29032258064516,31
Macedonia,2024,9,2024-09,26.38,36.3,3.7800000000000002,43.03333333333333,30
Macedonia,2024,10,2024-10,18.76451612903226,25.2,0.52,55.32258064516129,31
Macedonia,2024,11,2024-11,8.57,16.6,1.76,64.66666666666667,30
Macedonia,2024,12,2024-12,6.741935483870968,11.2,3.7399999999999998,74.41935483870968,31
Macedonia,2025,1,2025-01,5.145161290322581,13.2,1.7699999999999998,77.96774193548387,31
Macedonia,2025,2,2025-02,7.270370370370371,16.0,0.030000000000000002,60.51851851851852,27
Macedonia,2025,3,2025-03,14.906451612903227,24.0,2.45,56.516129032258064,31
Macedonia,2025,4,2025-04,16.8,24.4,1.6700000000000002,54.36666666666667,30
Macedonia,2025,5,2025-05,19.92666666666667,25.3,2.96,54.86666666666667,30
Macedonia,2025,6,2025-06,29.206666666666667,35.0,0.11,38.86666666666667,30
Macedonia,2025,7,2025-07,30.322580645161292,36.3,0.03,36.74193548387097,31
Macedonia,2025,8,2025-08,24.977419354838712,30.3,0.33999999999999997,50.25806451612903,31
Macedonia,2025,9,2025-09,21.29642857142857,25.2,0.26,58.607142857142854,28
Madagascar,2024,5,2024-05,21.053125,24.05,0.2699999999999999,57.703125,16
Madagascar,2024,6,2024-06,21.5,24.1,0.165,53.35,30
Madagascar,2024,7,2024-07,24.763793103448275,27.950000000000003,0.0,32.258620689655174,29
Madagascar,2024,8,2024-08,25.240322580645163,28.200000000000003,0.825,32.17741935483871,31
Madagascar,2024,9,2024-09,28.268333333333334,33.2,0.765,35.03333333333333,30
Madagascar,2024,10,2024-10,28.47258064516129,32.75,0.55,33.725806451612904,31
Madagascar,2024,11,2024-11,31.621666666666666,34.15,1.4449999999999998,33.53333333333333,30
Madagascar,2024,12,2024-12,33.24354838709677,37.6,1.19,30.548387096774192,31
Madagascar,2025,1,2025-01,31.19193548387097,35.35,7.9,43.596774193548384,31
Madagascar,2025,2,2025-02,28.916071428571428,31.35,11.195,55.67857142857143,28
Madagascar,2025,3,2025-03,27.661290322580644,30.15,3.5949999999999998,56.774193548387096,31
Madagascar,2025,4,2025-04,27.73,29.85,1.67,52.5,30
Madagascar,2025,5,2025-05,23.967741935483872,27.15,0.37500000000000006,55.66129032258065,31
Madagascar,2025,6,2025-06,22.51833333333333,24.9,0.13,50.666666666666664,30
Madagascar,2025,7,2025-07,20.87258064516129,24.55,0.085,50.70967741935484,31
Madagascar,2025,8,2025-08,20.838709677419356,24.3,0.415,47.79032258064516,31
Madagascar,2025,9,2025-09,22.325,26.2,0.02,46.142857142857146,28
Malawi,2024,5,2024-05,23.025,25.0,0.26,47.15625,16
Malawi,2024,6,2024-06,23.626666666666665,27.7,0.0,38.2,30
Malawi,2024,7,2024-07,26.482758620689655,28.8,0.0,22.03448275862069,29
Malawi,2024,8,2024-08,26.480645161290322,29.4,0.0,27.387096774193548,31
Malawi,2024,9,2024-09,27.313333333333333,32.5,0.030000000000000002,30.533333333333335,30
Malawi,2024,10,2024-10,28.425806451612903,33.0,0.11,33.774193548387096,31
Malawi,2024,11,2024-11,28.966666666666665,32.2,0.48,43.266666666666666,30
Malawi,2024,12,2024-12,30.809677419354838,35.4,2.46,36.38709677419355,31
Malawi,2025,1,2025-01,24.0258064516129,29.1,10.27,72.48387096774194,31
Malawi,2025,2,2025-02,24.442857142857143,27.3,14.27,72.35714285714286,28
Malawi,2025,3,2025-03,24.345161290322583,27.3,8.06,69.03225806451613,31
Malawi,2025,4,2025-04,23.88,27.1,4.67,69.3,30
Malawi,2025,5,2025-05,21.403225806451612,26.4,0.85,67.19354838709677,31
Malawi,2025,6,2025-06,20.783333333333335,24.4,0.01,57.86666666666667,30
Malawi,2025,7,2025-07,20.02258064516129,23.1,0.01,50.83870967741935,31
Malawi,2025,8,2025-08,21.806451612903224,26.2,0.0,40.32258064516129,31
Malawi,2025,9,2025-09,25.07857142857143,28.5,0.0,38.035714285714285,28
Malaysia,2024,5,2024-05,27.933333333333334,31.0,5.135,87.5,15
Malaysia,2024,6,2024-06,27.233333333333334,30.4,11.74,83.4,30
Malaysia,2024,7,2024-07,28.86896551724138,32.3,2.83,75.03448275862068,29
Malaysia,2024,8,2024-08,27.251612903225805,32.1,25.15,81.48387096774194,31
Malaysia,2024,9,2024-09,30.263333333333332,33.2,15.69,70.5,30
Malaysia,2024,10,2024-10,29.616129032258065,34.3,12.82,72.61290322580645,31
Malaysia,2024,11,2024-11,28.326666666666664,32.3,26.310000000000002,81.5,30
Malaysia,2024,12,2024-12,27.10967741935484,32.4,20.330000000000002,84.35483870967742,31
Malaysia,2025,1,2025-01,28.200000000000003,31.2,26.49,78.29032258064517,31
Malaysia,2025,2,2025-02,29.664285714285715,33.4,20.65,70.96428571428571,28
Malaysia,2025,3,2025-03,30.154838709677417,33.1,30.08,72.06451612903226,31
Malaysia,2025,4,2025-04,30.103333333333335,35.1,29.5,73.96666666666667,30
Malaysia,2025,5,2025-05,31.46451612903226,35.3,16.99,67.87096774193549,31
Malaysia,2025,6,2025-06,32.52333333333333,36.4,10.25,60.56666666666667,30
Malaysia,2025,7,2025-07,33.277419354838706,36.3,7.4,55.58064516129032,31
Malaysia,2025,8,2025-08,31.887096774193548,34.3,14.63,60.935483870967744,31
Malaysia,2025,9,2025-09,31.114285714285717,35.3,10.59,65.35714285714286,28
Maldives,2024,5,2024-05,28.778125,29.55,10.28,80.84375,16
Maldives,2024,6,2024-06,28.61785714285714,29.0,1.4200000000000002,78.46428571428571,28
Maldives,2024,7,2024-07,28.525000000000002,29.2,7.56,79.03571428571429,28
Maldives,2024,8,2024-08,27.861290322580647,28.6,13.9,77.54838709677419,31
Maldives,2024,9,2024-09,28.053333333333335,28.4,11.51,77.76666666666667,30
Maldives,2024,10,2024-10,27.787096774193547,28.5,11.49,78.25806451612904,31
Maldives,2024,11,2024-11,27.709999999999997,28.9,4.33,73.16666666666667,30
Maldives,2024,12,2024-12,27.693548387096776,28.4,7.36,70.87096774193549,31
Maldives,2025,1,2025-01,27.20967741935484,28.2,13.94,75.7741935483871,31
Maldives,2025,2,2025-02,27.67142857142857,28.4,1.69,69.0,28
Maldives,2025,3,2025-03,28.11935483870968,29.3,4.17,73.16129032258064,31
Maldives,2025,4,2025-04,28.983333333333334,29.8,3.93,70.2,30
Maldives,2025,5,2025-05,29.067741935483873,29.8,7.71,75.74193548387096,31
Maldives,2025,6,2025-06,28.39333333333333,28.8,11.14,77.06666666666666,30
Maldives,2025,7,2025-07,27.94193548387097,28.7,8.17,78.16129032258064,31
Maldives,2025,8,2025-08,27.461290322580645,28.0,2.77,77.51612903225806,31
Maldives,2025,9,2025-09,27.728571428571428,28.4,3.58,77.17857142857143,28
Mali,2024,5,2024-05,37.625,42.0,0.135,34.90625,16
Mali,2024,6,2024-06,35.02333333333333,41.0,0.14,43.6,30
Mali,2024,7,2024-07,29.603448275862068,34.2,6.37,67.3103448275862,29
Mali,2024,8,2024-08,27.961290322580645,32.0,12.64,73.96774193548387,31
Mali,2024,9,2024-09,28.333333333333332,31.4,9.290000000000001,74.6,30
Mali,2024,10,2024-10,27.69677419354839,30.4,3.08,67.38709677419355,31
Mali,2024,11,2024-11,26.296666666666667,30.2,0.0,35.06666666666667,30
Mali,2024,12,2024-12,26.977419354838712,32.1,0.0,19.387096774193548,31
Mali,2025,1,2025-01,25.616129032258065,30.4,0.0,19.06451612903226,31
Mali,2025,2,2025-02,27.57857142857143,33.2,0.0,20.5,28
Mali,2025,3,2025-03,31.335483870967742,35.3,0.0,35.12903225806452,31
Mali,2025,4,2025-04,30.64,34.3,0.01,51.8,30
Mali,2025,5,2025-05,28.29032258064516,31.4,0.01,71.29032258064517,31
Mali,2025,6,2025-06,26.603333333333335,31.2,0.01,77.86666666666666,30
Mali,2025,7,2025-07,25.458064516129035,28.2,6.71,87.48387096774194,31
Mali,2025,8,2025-08,24.24516129032258,26.4,6.41,96.19354838709677,31
Mali,2025,9,2025-09,24.014285714285712,26.4,4.3,97.92857142857143,28
Malta,2024,5,2024-05,26.1875,31.0,0.13,49.4375,16
Malta,2024,6,2024-06,28.603333333333335,35.2,0.0,54.63333333333333,30
Malta,2024,7,2024-07,30.93448275862069,36.3,0.0,52.44827586206897,29
Malta,2024,8,2024-08,30.938709677419357,36.0,0.01,57.54838709677419,31
Malta,2024,9,2024-09,27.996666666666666,33.2,0.77,62.4,30
Malta,2024,10,2024-10,24.625806451612902,29.4,0.03,66.29032258064517,31
Malta,2024,11,2024-11,20.543333333333333,23.3,6.12,69.6,30
Malta,2024,12,2024-12,16.551612903225806,21.0,1.36,66.90322580645162,31
Malta,2025,1,2025-01,16.96451612903226,19.4,2.39,71.74193548387096,31
Malta,2025,2,2025-02,15.710714285714285,18.3,1.1300000000000001,75.21428571428571,28
Malta,2025,3,2025-03,17.483870967741936,24.4,3.1100000000000003,75.03225806451613,31
Malta,2025,4,2025-04,18.540000000000003,22.3,0.52,70.33333333333333,30
Malta,2025,5,2025-05,23.364516129032257,27.0,0.9099999999999999,60.25806451612903,31
Malta,2025,6,2025-06,28.98,32.2,0.0,50.833333333333336,30
Malta,2025,7,2025-07,30.690322580645162,36.1,0.04,53.58064516129032,31
Malta,2025,8,2025-08,28.612903225806452,31.3,0.01,64.64516129032258,31
Malta,2025,9,2025-09,26.87857142857143,28.3,1.8900000000000001,69.89285714285714,28
Malásia,2024,7,2024-07,24.3,24.3,1.55,93.0,1
Marrocos,2024,7,2024-07,40.3,40.3,0.0,14.0,1
Marshall Islands,2024,5,2024-05,28.35,29.0,7.48,82.0,16
Marshall Islands,2024,6,2024-06,28.296666666666667,29.3,10.06,81.26666666666667,30
Marshall Islands,2024,7,2024-07,28.42413793103448,29.4,13.760000000000002,79.82758620689656,29
Marshall Islands,2024,8,2024-08,28.364516129032257,29.4,9.3,79.03225806451613,31
Marshall Islands,2024,9,2024-09,28.491666666666667,29.4,16.445,80.21666666666667,30
Marshall Islands,2024,10,2024-10,28.58709677419355,29.3,7.44,79.83870967741936,31
Marshall Islands,2024,11,2024-11,28.146666666666665,29.4,11.38,82.86666666666666,30
Marshall Islands,2024,12,2024-12,28.0,29.4,7.890000000000001,82.41935483870968,31
Marshall Islands,2025,1,2025-01,28.038709677419355,29.4,3.6100000000000003,78.7741935483871,31
Marshall Islands,2025,2,2025-02,27.557142857142857,28.4,3.29,81.5,28
Marshall Islands,2025,3,2025-03,28.141935483870967,30.1,3.93,80.90322580645162,31
Marshall Islands,2025,4,2025-04,27.833333333333332,29.3,3.62,82.66666666666667,30
Marshall Islands,2025,5,2025-05,28.187096774193545,29.4,3.37,82.54838709677419,31
Marshall Islands,2025,6,2025-06,28.09333333333333,29.3,4.57,81.46666666666667,30
Marshall Islands,2025,7,2025-07,27.616129032258065,29.3,16.8,84.41935483870968,31
Marshall Islands,2025,8,2025-08,28.17096774193548,29.3,10.12,81.93548387096774,31
Marshall Islands,2025,9,2025-09,28.27857142857143,29.4,8.07,80.32142857142857,28
Mauritania,2024,5,2024-05,26.175,31.4,0.0,51.5,16
Mauritania,2024,6,2024-06,27.44,36.3,0.0,55.166666666666664,30
Mauritania,2024,7,2024-07,26.20344827586207,29.3,0.0,72.3103448275862,29
Mauritania,2024,8,2024-08,28.02258064516129,35.3,0.36000000000000004,70.3225806451613,31
Mauritania,2024,9,2024-09,28.063333333333333,31.2,0.95,62.56666666666667,30
Mauritania,2024,10,2024-10,27.29032258064516,30.6,0.0,55.32258064516129,31
Mauritania,2024,11,2024-11,24.93,28.1,0.0,37.86666666666667,30
Mauritania,2024,12,2024-12,22.858064516129033,27.7,0.07,31.967741935483872,31
Mauritania,2025,1,2025-01,20.09032258064516,26.4,0.0,30.0,31
Mauritania,2025,2,2025-02,20.57857142857143,23.0,0.0,32.07142857142857,28
Mauritania,2025,3,2025-03,19.361290322580647,23.1,0.0,56.32258064516129,31
Mauritania,2025,4,2025-04,22.296666666666667,27.6,0.0,54.3,30
Mauritania,2025,5,2025-05,23.051612903225806,29.3,0.0,56.38709677419355,31
Mauritania,2025,6,2025-06,23.709999999999997,29.6,0.0,68.0,30
Mauritania,2025,7,2025-07,24.05483870967742,25.3,0.8300000000000001,80.38709677419355,31
Mauritania,2025,8,2025-08,25.925806451612903,28.3,0.65,80.61290322580645,31
Mauritania,2025,9,2025-09,27.089285714285715,30.8,0.39,74.25,28
Mauritius,2024,5,2024-05,23.8125,25.0,0.8049999999999999,79.96875,16
Mauritius,2024,6,2024-06,23.39333333333333,25.4,2.55,73.7,30
Mauritius,2024,7,2024-07,23.23793103448276,25.3,1.09,64.0,29
Mauritius,2024,8,2024-08,22.358064516129033,23.9,0.75,61.483870967741936,31
Mauritius,2024,9,2024-09,24.696666666666665,27.2,1.02,63.5,30
Mauritius,2024,10,2024-10,25.5,28.2,2.04,67.6774193548387,31
Mauritius,2024,11,2024-11,27.743333333333332,29.4,0.81,66.33333333333333,30
Mauritius,2024,12,2024-12,28.741935483870968,31.1,3.81,62.54838709677419,31
Mauritius,2025,1,2025-01,30.461290322580645,32.4,3.33,63.74193548387097,31
Mauritius,2025,2,2025-02,30.75357142857143,32.3,10.780000000000001,71.14285714285714,28
Mauritius,2025,3,2025-03,30.503225806451614,33.2,10.35,69.2258064516129,31
Mauritius,2025,4,2025-04,29.07,31.3,6.44,73.93333333333334,30
Mauritius,2025,5,2025-05,27.103225806451615,29.4,2.62,71.29032258064517,31
Mauritius,2025,6,2025-06,25.466666666666665,27.3,1.67,64.1,30
Mauritius,2025,7,2025-07,23.948387096774194,26.4,0.77,67.7741935483871,31
Mauritius,2025,8,2025-08,23.98709677419355,25.3,1.18,67.87096774193549,31
Mauritius,2025,9,2025-09,24.635714285714283,26.4,1.59,68.03571428571429,28
Mexico,2024,5,2024-05,19.93125,23.0,0.05,53.625,16
Mexico,2024,6,2024-06,17.716666666666665,22.0,4.54,62.93333333333333,30
Mexico,2024,7,2024-07,14.810714285714285,18.1,9.77,85.17857142857143,28
Mexico,2024,8,2024-08,14.77741935483871,17.1,2.07,85.09677419354838,31
Mexico,2024,9,2024-09,15.583333333333334,17.4,5.5,86.8,30
Mexico,2024,10,2024-10,12.003333333333334,14.4,0.0,85.93333333333334,30
Mexico,2024,11,2024-11,12.33448275862069,16.5,0.0,68.82758620689656,29
Mexico,2024,12,2024-12,10.393548387096773,14.3,0.0,74.96774193548387,31
Mexico,2025,1,2025-01,10.946666666666665,14.3,0.0,70.8,30
Mexico,2025,2,2025-02,12.292857142857143,17.2,0.0,63.142857142857146,28
Mexico,2025,3,2025-03,14.548387096774194,16.4,0.0,51.16129032258065,31
Mexico,2025,4,2025-04,15.453333333333335,20.2,0.0,44.5,30
Mexico,2025,5,2025-05,17.546666666666667,21.3,0.0,60.36666666666667,30
Mexico,2025,6,2025-06,15.629999999999999,19.1,0.0,83.3,30
Mexico,2025,7,2025-07,14.770967741935483,17.2,0.0,85.0,31
Mexico,2025,8,2025-08,15.59032258064516,17.3,1.83,78.03225806451613,31
Mexico,2025,9,2025-09,15.914285714285715,19.2,0.0,80.14285714285714,28
Mexique,2024,7,2024-07,27.4,27.4,0.0,72.0,1
Micronesia,2024,5,2024-05,27.375,29.0,11.12,86.75,16
Micronesia,2024,6,2024-06,27.205357142857142,29.3,19.135,88.78571428571429,28
Micronesia,2024,7,2024-07,27.28076923076923,28.9,16.96,85.46153846153847,26
Micronesia,2024,8,2024-08,27.238709677419354,29.1,3.12,84.35483870967742,31
Micronesia,2024,9,2024-09,26.616666666666667,29.1,13.91,90.66666666666667,30
Micronesia,2024,10,2024-10,28.1,29.7,13.45,82.70967741935483,31
Micronesia,2024,11,2024-11,27.94333333333333,29.5,12.1,84.3,30
Micronesia,2024,12,2024-12,27.761290322580646,29.3,12.700000000000001,84.41935483870968,31
Micronesia,2025,1,2025-01,28.02258064516129,29.2,4.62,81.45161290322581,31
Micronesia,2025,2,2025-02,27.646428571428572,29.1,9.48,84.57142857142857,28
Micronesia,2025,3,2025-03,28.09032258064516,29.3,8.200000000000001,81.41935483870968,31
Micronesia,2025,4,2025-04,28.44,30.3,9.989999999999998,82.16666666666667,30
Micronesia,2025,5,2025-05,28.27741935483871,29.4,8.15,84.51612903225806,31
Micronesia,2025,6,2025-06,28.386666666666667,30.1,7.49,82.76666666666667,30
Micronesia,2025,7,2025-07,27.919354838709676,30.3,14.12,85.90322580645162,31
Micronesia,2025,8,2025-08,27.938709677419357,30.3,11.76,83.83870967741936,31
Micronesia,2025,9,2025-09,28.75357142857143,32.1,6.79,81.53571428571429,28
Monaco,2024,5,2024-05,21.0625,26.0,0.655,69.28125,16
Monaco,2024,6,2024-06,23.579310344827583,27.4,1.3,69.89655172413794,29
Monaco,2024,7,2024-07,26.914285714285715,29.2,0.53,71.89285714285714,28
Monaco,2024,8,2024-08,28.55483870967742,31.0,2.66,65.19354838709677,31
Monaco,2024,9,2024-09,23.77,31.0,8.52,59.166666666666664,30
Monaco,2024,10,2024-10,19.561290322580643,23.2,16.45,71.3225806451613,31
Monaco,2024,11,2024-11,14.08,19.3,0.74,60.96666666666667,30
Monaco,2024,12,2024-12,11.558064516129033,14.4,1.05,47.87096774193548,31
Monaco,2025,1,2025-01,11.429032258064517,15.1,3.94,62.45161290322581,31
Monaco,2025,2,2025-02,12.728571428571428,14.4,1.09,62.892857142857146,28
Monaco,2025,3,2025-03,14.48709677419355,19.1,1.42,60.903225806451616,31
Monaco,2025,4,2025-04,16.81,20.3,4.1,69.46666666666667,30
Monaco,2025,5,2025-05,19.825806451612905,23.4,1.26,68.58064516129032,31
Monaco,2025,6,2025-06,26.006666666666668,32.0,0.41000000000000003,70.53333333333333,30
Monaco,2025,7,2025-07,26.741935483870968,31.4,1.0699999999999998,58.935483870967744,31
Monaco,2025,8,2025-08,27.083870967741937,33.3,1.37,56.064516129032256,31
Monaco,2025,9,2025-09,21.599999999999998,26.4,0.2,57.714285714285715,28
Mongolia,2024,5,2024-05,12.733333333333333,21.5,0.44000000000000006,52.7,15
Mongolia,2024,6,2024-06,15.323333333333332,25.1,7.960000000000001,58.3,30
Mongolia,2024,7,2024-07,20.224999999999998,27.2,1.1600000000000001,60.57142857142857,28
Mongolia,2024,8,2024-08,16.748387096774195,25.3,6.65,75.3225806451613,31
Mongolia,2024,9,2024-09,12.803333333333335,23.1,0.54,50.43333333333333,30
Mongolia,2024,10,2024-10,-0.7806451612903227,16.2,0.30000000000000004,63.225806451612904,31
Mongolia,2024,11,2024-11,-8.426666666666666,-0.1,0.4,63.8,30
Mongolia,2024,12,2024-12,-19.55483870967742,-13.9,0.25,81.41935483870968,31
Mongolia,2025,1,2025-01,-18.483870967741936,-10.6,0.19,71.29032258064517,31
Mongolia,2025,2,2025-02,-12.532142857142857,4.1,0.08,54.75,28
Mongolia,2025,3,2025-03,1.7032258064516128,17.2,0.43,35.87096774193548,31
Mongolia,2025,4,2025-04,11.406666666666666,25.2,0.04,21.9,30
Mongolia,2025,5,2025-05,16.33225806451613,29.3,0.18,23.451612903225808,31
Mongolia,2025,6,2025-06,23.993333333333332,34.3,1.25,26.5,30
Mongolia,2025,7,2025-07,25.58,33.0,1.7,33.03333333333333,30
Mongolia,2025,8,2025-08,21.990322580645163,29.3,3.04,40.12903225806452,31
Mongolia,2025,9,2025-09,15.842857142857143,25.2,0.75,41.67857142857143,28
Montenegro,2024,5,2024-05,23.5625,26.0,4.49,66.28125,16
Montenegro,2024,6,2024-06,30.582758620689653,38.2,3.01,45.0,29
Montenegro,2024,7,2024-07,34.275862068965516,40.2,1.6300000000000001,33.241379310344826,29
Montenegro,2024,8,2024-08,34.91935483870968,39.3,0.73,30.580645161290324,31
Montenegro,2024,9,2024-09,25.773333333333333,35.1,5.71,49.733333333333334,30
Montenegro,2024,10,2024-10,19.916129032258063,23.2,6.87,67.64516129032258,31
Montenegro,2024,11,2024-11,12.41,19.3,6.279999999999999,61.233333333333334,30
Montenegro,2024,12,2024-12,9.748387096774193,13.1,30.33,68.83870967741936,31
Montenegro,2025,1,2025-01,10.01290322580645,17.4,2.95,72.93548387096774,31
Montenegro,2025,2,2025-02,9.87142857142857,13.3,2.48,60.57142857142857,28
Montenegro,2025,3,2025-03,14.32258064516129,20.2,10.89,61.61290322580645,31
Montenegro,2025,4,2025-04,17.333333333333332,23.4,2.65,55.5,30
Montenegro,2025,5,2025-05,20.72258064516129,25.4,3.33,53.516129032258064,31
Montenegro,2025,6,2025-06,29.759999999999998,33.2,0.02,34.7,30
Montenegro,2025,7,2025-07,30.69677419354839,36.1,1.17,36.193548387096776,31
Montenegro,2025,8,2025-08,29.206451612903226,35.3,1.73,37.83870967741935,31
Montenegro,2025,9,2025-09,24.425,28.3,1.88,55.32142857142857,28
Morocco,2024,5,2024-05,22.133333333333333,26.0,0.0,63.233333333333334,15
Morocco,2024,6,2024-06,23.65,28.4,0.02,64.1,30
Morocco,2024,7,2024-07,25.525000000000002,32.1,0.0,67.0,28
Morocco,2024,8,2024-08,26.5,35.1,0.0,66.16129032258064,31
Morocco,2024,9,2024-09,24.529999999999998,27.4,0.16,67.73333333333333,30
Morocco,2024,10,2024-10,21.73225806451613,25.3,1.36,77.7741935483871,31
Morocco,2024,11,2024-11,20.436666666666667,27.2,0.88,66.76666666666667,30
Morocco,2024,12,2024-12,17.345161290322583,24.2,0.7,65.29032258064517,31
Morocco,2025,1,2025-01,15.96774193548387,20.3,1.5999999999999999,66.29032258064517,31
Morocco,2025,2,2025-02,16.021428571428572,22.3,2.04,75.39285714285714,28
Morocco,2025,3,2025-03,15.974193548387097,19.3,11.47,81.80645161290323,31
Morocco,2025,4,2025-04,18.209999999999997,22.3,0.33,82.13333333333334,30
Morocco,2025,5,2025-05,20.661290322580644,31.3,0.060000000000000005,73.38709677419355,31
Morocco,2025,6,2025-06,24.35,35.2,0.01,69.76666666666667,30
Morocco,2025,7,2025-07,23.89677419354839,30.1,0.01,78.96774193548387,31
Morocco,2025,8,2025-08,23.4741935483871,29.2,0.01,86.87096774193549,31
Morocco,2025,9,2025-09,20.26071428571429,28.3,0.05,95.85714285714286,28
Mozambique,2024,5,2024-05,26.41875,31.0,0.02,54.5625,16
Mozambique,2024,6,2024-06,24.68,30.0,0.33,53.666666666666664,30
Mozambique,2024,7,2024-07,26.56896551724138,33.1,0.04,38.48275862068966,29
Mozambique,2024,8,2024-08,26.5,36.4,0.71,46.70967741935484,31
Mozambique,2024,9,2024-09,25.736666666666668,37.3,1.42,55.3,30
Mozambique,2024,10,2024-10,26.0258064516129,33.0,0.59,55.70967741935484,31
Mozambique,2024,11,2024-11,27.6,33.4,0.30000000000000004,61.43333333333333,30
Mozambique,2024,12,2024-12,31.161290322580644,37.0,0.15,56.193548387096776,31
Mozambique,2025,1,2025-01,30.81935483870968,36.3,1.6300000000000001,62.12903225806452,31
Mozambique,2025,2,2025-02,29.810714285714287,32.9,6.74,66.46428571428571,28
Mozambique,2025,3,2025-03,28.780645161290323,32.3,1.34,65.61290322580645,31
Mozambique,2025,4,2025-04,26.36,33.3,1.67,66.13333333333334,30
Mozambique,2025,5,2025-05,24.287096774193547,28.2,0.01,60.67741935483871,31
Mozambique,2025,6,2025-06,22.290000000000003,25.3,0.06,59.13333333333333,30
Mozambique,2025,7,2025-07,21.96451612903226,26.5,0.22,55.935483870967744,31
Mozambique,2025,8,2025-08,22.403225806451612,25.2,1.17,66.6774193548387,31
Mozambique,2025,9,2025-09,23.835714285714285,30.0,0.21,67.39285714285714,28
Myanmar,2024,5,2024-05,28.5625,33.9,13.59,81.21875,16
Myanmar,2024,6,2024-06,27.39333333333333,29.1,12.12,90.66666666666667,30
Myanmar,2024,7,2024-07,26.855172413793102,29.4,18.07,92.06896551724138,29
Myanmar,2024,8,2024-08,27.219354838709677,29.4,28.54,88.3225806451613,31
Myanmar,2024,9,2024-09,28.566666666666666,34.0,23.28,88.93333333333334,30
Myanmar,2024,10,2024-10,29.748387096774195,33.4,13.21,77.6774193548387,31
Myanmar,2024,11,2024-11,30.34333333333333,34.2,12.08,68.56666666666666,30
Myanmar,2024,12,2024-12,29.874193548387098,33.0,0.22,61.193548387096776,31
Myanmar,2025,1,2025-01,30.98709677419355,32.4,0.0,58.483870967741936,31
Myanmar,2025,2,2025-02,33.36785714285714,36.3,0.0,56.32142857142857,28
Myanmar,2025,3,2025-03,36.012903225806454,38.1,0.0,50.38709677419355,31
Myanmar,2025,4,2025-04,33.89,38.4,2.17,59.46666666666667,30
Myanmar,2025,5,2025-05,31.85483870967742,37.3,10.31,73.45161290322581,31
Myanmar,2025,6,2025-06,30.086666666666666,33.4,30.44,78.8,30
Myanmar,2025,7,2025-07,29.032258064516128,32.3,53.379999999999995,84.35483870967742,31
Myanmar,2025,8,2025-08,29.983870967741936,33.0,27.42,79.41935483870968,31
Myanmar,2025,9,2025-09,29.728571428571428,33.3,17.27,82.28571428571429,28
Namibia,2024,5,2024-05,24.625,26.0,0.0,19.8125,16
Namibia,2024,6,2024-06,20.803448275862067,25.4,0.0,19.896551724137932,29
Namibia,2024,7,2024-07,22.348275862068967,26.2,0.0,8.379310344827585,29
Namibia,2024,8,2024-08,25.980645161290322,27.4,0.0,8.67741935483871,31
Namibia,2024,9,2024-09,25.736666666666668,32.2,0.0,14.866666666666667,30
Namibia,2024,10,2024-10,27.348387096774196,32.2,0.0,14.451612903225806,31
Namibia,2024,11,2024-11,28.446666666666665,31.2,0.5599999999999999,22.0,30
Namibia,2024,12,2024-12,30.87741935483871,35.1,1.28,20.29032258064516,31
Namibia,2025,1,2025-01,28.958064516129035,33.3,1.75,28.35483870967742,31
Namibia,2025,2,2025-02,27.739285714285717,31.3,1.37,38.714285714285715,28
Namibia,2025,3,2025-03,24.0,28.8,4.53,63.67741935483871,31
Namibia,2025,4,2025-04,21.886666666666667,26.2,4.47,57.46666666666667,30
Namibia,2025,5,2025-05,18.177419354838708,22.7,0.0,44.61290322580645,31
Namibia,2025,6,2025-06,15.42,20.2,0.0,38.1,30
Namibia,2025,7,2025-07,15.40967741935484,19.2,0.0,38.41935483870968,31
Namibia,2025,8,2025-08,16.24516129032258,24.2,0.04,27.774193548387096,31
Namibia,2025,9,2025-09,21.70357142857143,26.3,0.0,20.5,28
Nepal,2024,5,2024-05,24.8125,27.0,2.0999999999999996,67.46875,16
Nepal,2024,6,2024-06,25.59333333333333,27.4,17.94,70.06666666666666,30
Nepal,2024,7,2024-07,23.839285714285715,28.1,28.3,88.60714285714286,28
Nepal,2024,8,2024-08,23.148387096774194,27.4,29.49,87.83870967741936,31
Nepal,2024,9,2024-09,25.240000000000002,31.2,26.58,77.1,30
Nepal,2024,10,2024-10,22.496774193548386,28.2,5.41,69.09677419354838,31
Nepal,2024,11,2024-11,19.826666666666664,23.3,5.73,56.333333333333336,30
Nepal,2024,12,2024-12,13.654838709677419,17.7,0.13,53.25806451612903,31
Nepal,2025,1,2025-01,17.61935483870968,24.1,0.060000000000000005,46.483870967741936,31
Nepal,2025,2,2025-02,19.607142857142858,22.3,0.16999999999999998,42.32142857142857,28
Nepal,2025,3,2025-03,24.26774193548387,30.0,1.25,35.16129032258065,31
Nepal,2025,4,2025-04,26.15666666666667,32.4,17.23,38.766666666666666,30
Nepal,2025,5,2025-05,26.161290322580644,31.2,27.32,57.0,31
Nepal,2025,6,2025-06,27.44,31.1,33.48,64.56666666666666,30
Nepal,2025,7,2025-07,27.625806451612902,30.4,38.519999999999996,68.70967741935483,31
Nepal,2025,8,2025-08,26.80322580645161,30.1,31.46,74.96774193548387,31
Nepal,2025,9,2025-09,27.32857142857143,31.1,29.07,67.39285714285714,28
Netherlands,2024,5,2024-05,18.25,23.0,5.385,72.5,16
Netherlands,2024,6,2024-06,18.653333333333332,28.1,4.07,64.43333333333334,30
Netherlands,2024,7,2024-07,20.667857142857144,29.3,2.84,63.607142857142854,28
Netherlands,2024,8,2024-08,22.838709677419356,29.7,0.9500000000000001,58.54838709677419,31
Netherlands,2024,9,2024-09,18.336666666666666,28.3,9.5,73.86666666666666,30
Netherlands,2024,10,2024-10,13.5,17.0,1.78,84.6774193548387,31
Netherlands,2024,11,2024-11,7.733333333333333,14.0,3.15,86.63333333333334,30
Netherlands,2024,12,2024-12,6.94516129032258,11.3,4.6,86.6774193548387,31
Netherlands,2025,1,2025-01,4.693548387096774,12.1,5.21,87.80645161290323,31
Netherlands,2025,2,2025-02,4.746428571428572,12.3,1.3299999999999998,82.78571428571429,28
Netherlands,2025,3,2025-03,9.3,15.1,0.21000000000000002,68.58064516129032,31
Netherlands,2025,4,2025-04,12.75,19.3,0.63,67.33333333333333,30
Netherlands,2025,5,2025-05,15.538709677419355,22.1,1.07,65.16129032258064,31
Netherlands,2025,6,2025-06,19.446666666666665,27.1,2.19,67.16666666666667,30
Netherlands,2025,7,2025-07,20.693548387096776,29.2,3.16,68.54838709677419,31
Netherlands,2025,8,2025-08,19.31935483870968,26.2,1.04,72.93548387096774,31
Netherlands,2025,9,2025-09,15.382142857142856,20.1,1.85,81.39285714285714,28
New Zealand,2024,5,2024-05,10.5,14.0,0.85,80.375,16
New Zealand,2024,6,2024-06,10.553333333333335,16.1,4.03,83.53333333333333,30
New Zealand,2024,7,2024-07,9.920689655172414,13.4,8.81,83.6896551724138,29
New Zealand,2024,8,2024-08,10.364516129032259,14.4,7.8100000000000005,80.80645161290323,31
New Zealand,2024,9,2024-09,12.066666666666666,16.3,13.17,76.36666666666666,30
New Zealand,2024,10,2024-10,12.303225806451612,17.3,7.13,82.83870967741936,31
New Zealand,2024,11,2024-11,13.85,18.4,2.6399999999999997,79.23333333333333,30
New Zealand,2024,12,2024-12,15.812962962962963,19.0,4.21,84.98148148148148,27
New Zealand,2025,1,2025-01,15.793103448275861,20.2,1.9849999999999999,78.70689655172414,29
New Zealand,2025,2,2025-02,17.785714285714285,21.3,0.5800000000000001,80.35714285714286,28
New Zealand,2025,3,2025-03,16.419354838709676,21.2,0.73,80.93548387096774,31
New Zealand,2025,4,2025-04,15.94,21.3,7.2299999999999995,79.2,30
New Zealand,2025,5,2025-05,13.296774193548387,17.1,6.3,79.87096774193549,31
New Zealand,2025,6,2025-06,11.4,17.3,13.05,79.63333333333334,30
New Zealand,2025,7,2025-07,10.970967741935485,15.3,6.17,79.6774193548387,31
New Zealand,2025,8,2025-08,10.361290322580645,14.1,3.02,74.6774193548387,31
New Zealand,2025,9,2025-09,12.75357142857143,16.2,1.1600000000000001,70.17857142857143,28
Nicaragua,2024,5,2024-05,29.2875,31.0,2.505,77.8125,16
Nicaragua,2024,6,2024-06,26.746666666666666,31.0,12.7,87.73333333333333,30
Nicaragua,2024,7,2024-07,24.342857142857145,27.3,1.51,91.07142857142857,28
Nicaragua,2024,8,2024-08,24.1,25.3,2.45,92.90322580645162,31
Nicaragua,2024,9,2024-09,24.733333333333334,26.3,11.14,95.26666666666667,30
Nicaragua,2024,10,2024-10,22.823333333333334,25.0,11.120000000000001,91.43333333333334,30
Nicaragua,2024,11,2024-11,22.5,25.1,9.97,92.75862068965517,29
Nicaragua,2024,12,2024-12,22.712903225806453,25.2,0.18,87.41935483870968,31
Nicaragua,2025,1,2025-01,23.60666666666667,26.4,0.0,85.1,30
Nicaragua,2025,2,2025-02,23.49285714285714,26.4,0.02,87.17857142857143,28
Nicaragua,2025,3,2025-03,23.980645161290322,27.0,0.0,79.58064516129032,31
Nicaragua,2025,4,2025-04,25.073333333333334,27.0,0.030000000000000002,72.23333333333333,30
Nicaragua,2025,5,2025-05,26.083333333333332,27.4,4.91,77.0,30
Nicaragua,2025,6,2025-06,24.073333333333334,27.1,1.8,86.86666666666666,30
Nicaragua,2025,7,2025-07,24.08709677419355,26.4,0.0,84.29032258064517,31
Nicaragua,2025,8,2025-08,24.070967741935487,27.3,0.61,86.38709677419355,31
Nicaragua,2025,9,2025-09,24.460714285714285,27.1,9.940000000000001,89.53571428571429,28
Niger,2024,5,2024-05,40.84375,43.0,0.0,20.53125,16
Niger,2024,6,2024-06,37.32,42.0,0.26,31.033333333333335,30
Niger,2024,7,2024-07,32.81071428571429,38.1,0.21,50.714285714285715,28
Niger,2024,8,2024-08,30.806451612903224,35.2,9.0,59.87096774193548,31
Niger,2024,9,2024-09,30.413333333333334,35.3,2.98,64.16666666666667,30
Niger,2024,10,2024-10,31.63225806451613,33.6,0.0,51.61290322580645,31
Niger,2024,11,2024-11,27.666666666666668,33.1,0.0,21.233333333333334,30
Niger,2024,12,2024-12,27.6,33.3,0.0,15.193548387096774,31
Niger,2025,1,2025-01,28.006451612903227,31.2,0.0,14.35483870967742,31
Niger,2025,2,2025-02,30.107142857142858,35.0,0.0,12.857142857142858,28
Niger,2025,3,2025-03,34.38387096774194,37.3,0.0,14.290322580645162,31
Niger,2025,4,2025-04,34.096666666666664,37.2,0.0,30.4,30
Niger,2025,5,2025-05,32.76129032258065,37.4,0.0,47.645161290322584,31
Niger,2025,6,2025-06,30.34,34.3,0.0,59.43333333333333,30
Niger,2025,7,2025-07,27.24516129032258,30.4,0.03,76.19354838709677,31
Niger,2025,8,2025-08,25.751612903225805,28.3,0.41,84.48387096774194,31
Niger,2025,9,2025-09,26.589285714285715,30.2,0.0,79.89285714285714,28
Nigeria,2024,5,2024-05,33.39375,39.4,0.0,54.5625,16
Nigeria,2024,6,2024-06,30.043333333333333,35.5,3.28,66.8,30
Nigeria,2024,7,2024-07,27.089655172413792,31.4,15.36,80.20689655172414,29
Nigeria,2024,8,2024-08,26.361290322580647,29.1,15.780000000000001,79.96774193548387,31
Nigeria,2024,9,2024-09,28.173333333333336,31.2,11.04,76.33333333333333,30
Nigeria,2024,10,2024-10,27.30322580645161,30.3,2.4,79.58064516129032,31
Nigeria,2024,11,2024-11,29.19,33.3,0.0,43.56666666666667,30
Nigeria,2024,12,2024-12,32.72258064516129,35.1,0.0,23.322580645161292,31
Nigeria,2025,1,2025-01,32.12903225806452,34.3,0.0,25.677419354838708,31
Nigeria,2025,2,2025-02,32.61785714285715,35.2,0.0,31.035714285714285,28
Nigeria,2025,3,2025-03,31.22258064516129,34.0,0.0,60.774193548387096,31
Nigeria,2025,4,2025-04,29.71333333333333,32.4,0.79,69.0,30
Nigeria,2025,5,2025-05,27.683870967741935,31.3,2.82,77.64516129032258,31
Nigeria,2025,6,2025-06,26.033333333333335,28.6,0.69,82.96666666666667,30
Nigeria,2025,7,2025-07,24.593548387096774,26.3,10.370000000000001,89.45161290322581,31
Nigeria,2025,8,2025-08,23.848387096774193,26.3,10.2,91.83870967741936,31
Nigeria,2025,9,2025-09,24.392857142857142,26.4,4.79,90.89285714285714,28
North Korea,2024,5,2024-05,16.830000000000002,19.1,0.02,70.4,15
North Korea,2024,6,2024-06,20.42,24.7,0.01,67.23333333333333,30
North Korea,2024,7,2024-07,23.57857142857143,26.2,12.16,90.67857142857143,28
North Korea,2024,8,2024-08,25.05483870967742,27.8,3.68,86.54838709677419,31
North Korea,2024,9,2024-09,22.029999999999998,24.8,2.0,79.26666666666667,30
North Korea,2024,10,2024-10,15.780645161290321,19.6,0.5700000000000001,62.645161290322584,31
North Korea,2024,11,2024-11,8.33,17.4,0.78,55.0,30
North Korea,2024,12,2024-12,-1.5838709677419356,2.6,0.03,51.32258064516129,31
North Korea,2025,1,2025-01,-3.0387096774193547,2.4,0.2,58.096774193548384,31
North Korea,2025,2,2025-02,-3.3892857142857147,7.3,0.0,64.60714285714286,28
North Korea,2025,3,2025-03,8.535483870967743,18.5,0.35000000000000003,38.96774193548387,31
North Korea,2025,4,2025-04,14.49,20.8,4.6,48.266666666666666,30
North Korea,2025,5,2025-05,19.361290322580647,26.8,3.6500000000000004,54.064516129032256,31
North Korea,2025,6,2025-06,25.6,29.2,1.84,56.13333333333333,30
North Korea,2025,7,2025-07,29.348387096774193,35.3,8.23,69.64516129032258,31
North Korea,2025,8,2025-08,28.24516129032258,31.2,11.709999999999999,72.54838709677419,31
North Korea,2025,9,2025-09,24.657142857142855,28.6,4.77,68.92857142857143,28
Norway,2024,5,2024-05,19.375,24.0,2.47,48.46875,16
Norway,2024,6,2024-06,13.076666666666666,23.0,2.28,73.76666666666667,30
Norway,2024,7,2024-07,16.275,23.5,5.58,72.67857142857143,28
Norway,2024,8,2024-08,16.712903225806453,24.5,5.04,71.03225806451613,31
Norway,2024,9,2024-09,11.826666666666666,18.4,2.66,78.53333333333333,30
Norway,2024,10,2024-10,9.570967741935483,13.1,0.8600000000000001,82.35483870967742,31
Norway,2024,11,2024-11,2.2866666666666666,9.1,0.53,78.86666666666666,30
Norway,2024,12,2024-12,0.667741935483871,11.1,0.8899999999999999,81.03225806451613,31
Norway,2025,1,2025-01,-1.8838709677419354,5.2,3.06,85.35483870967742,31
Norway,2025,2,2025-02,-2.692857142857143,6.0,0.45,81.92857142857143,28
Norway,2025,3,2025-03,4.241935483870968,9.4,0.29000000000000004,73.2258064516129,31
Norway,2025,4,2025-04,9.286666666666667,14.1,0.56,67.83333333333333,30
Norway,2025,5,2025-05,11.399999999999999,20.3,2.98,64.03225806451613,31
Norway,2025,6,2025-06,15.053333333333335,20.0,0.88,64.4,30
Norway,2025,7,2025-07,19.919354838709676,26.2,2.83,67.03225806451613,31
Norway,2025,8,2025-08,15.290322580645162,20.1,1.24,73.06451612903226,31
Norway,2025,9,2025-09,13.37142857142857,16.3,8.61,83.42857142857143,28
Oman,2024,5,2024-05,37.0,42.0,0.0,33.28125,16
Oman,2024,6,2024-06,36.82666666666667,41.0,0.0,49.4,30
Oman,2024,7,2024-07,35.800000000000004,40.1,0.0,54.724137931034484,29
Oman,2024,8,2024-08,31.93548387096774,35.1,0.0,65.58064516129032,31
Oman,2024,9,2024-09,32.88,35.1,0.36,62.4,30
Oman,2024,10,2024-10,32.52903225806452,36.1,0.060000000000000005,57.16129032258065,31
Oman,2024,11,2024-11,30.529999999999998,33.3,0.0,51.0,30
Oman,2024,12,2024-12,25.516129032258064,28.1,0.0,46.67741935483871,31
Oman,2025,1,2025-01,23.845161290322583,27.4,0.07,47.483870967741936,31
Oman,2025,2,2025-02,25.667857142857144,29.3,0.0,57.17857142857143,28
Oman,2025,3,2025-03,28.874193548387098,34.3,0.0,40.96774193548387,31
Oman,2025,4,2025-04,35.693333333333335,42.1,0.0,29.733333333333334,30
Oman,2025,5,2025-05,37.71612903225807,44.1,0.0,40.935483870967744,31
Oman,2025,6,2025-06,39.026666666666664,46.0,0.0,41.766666666666666,30
Oman,2025,7,2025-07,34.12903225806452,44.1,0.0,72.83870967741936,31
Oman,2025,8,2025-08,34.3,42.1,0.0,67.54838709677419,31
Oman,2025,9,2025-09,33.30357142857143,38.4,0.0,70.57142857142857,28
Pakistan,2024,5,2024-05,34.3125,38.1,0.0,17.53125,16
Pakistan,2024,6,2024-06,36.72666666666667,41.6,2.02,18.766666666666666,30
Pakistan,2024,7,2024-07,36.83571428571429,41.2,0.01,37.07142857142857,28
Pakistan,2024,8,2024-08,31.032258064516128,34.3,4.93,62.83870967741935,31
Pakistan,2024,9,2024-09,32.27333333333333,35.2,0.14,46.333333333333336,30
Pakistan,2024,10,2024-10,31.17096774193548,34.5,0.0,25.161290322580644,31
Pakistan,2024,11,2024-11,25.503333333333334,31.7,0.0,22.5,30
Pakistan,2024,12,2024-12,18.87741935483871,22.8,0.02,17.967741935483872,31
Pakistan,2025,1,2025-01,19.751612903225805,22.8,0.02,19.677419354838708,31
Pakistan,2025,2,2025-02,20.400000000000002,24.2,8.39,28.428571428571427,28
Pakistan,2025,3,2025-03,24.506451612903227,30.8,2.24,26.93548387096774,31
Pakistan,2025,4,2025-04,34.32,38.8,0.01,14.633333333333333,30
Pakistan,2025,5,2025-05,36.78387096774193,41.5,0.13,20.580645161290324,31
Pakistan,2025,6,2025-06,37.330000000000005,45.0,4.16,29.833333333333332,30
Pakistan,2025,7,2025-07,31.896774193548385,35.7,22.950000000000003,59.225806451612904,31
Pakistan,2025,8,2025-08,30.896774193548385,33.8,7.91,62.0,31
Pakistan,2025,9,2025-09,31.11785714285714,34.2,3.39,51.25,28
Palau,2024,5,2024-05,26.933333333333334,29.0,2.995,89.76666666666667,15
Palau,2024,6,2024-06,26.67241379310345,28.6,11.49,87.6896551724138,29
Palau,2024,7,2024-07,26.97241379310345,28.9,20.79,83.48275862068965,29
Palau,2024,8,2024-08,27.503225806451614,29.4,23.05,83.51612903225806,31
Palau,2024,9,2024-09,27.546666666666667,29.4,8.58,85.36666666666666,30
Palau,2024,10,2024-10,28.638709677419353,30.2,8.54,79.35483870967742,31
Palau,2024,11,2024-11,28.59,30.4,4.99,81.4,30
Palau,2024,12,2024-12,27.787096774193547,29.1,10.99,84.64516129032258,31
Palau,2025,1,2025-01,27.403225806451612,29.4,14.229999999999999,85.7741935483871,31
Palau,2025,2,2025-02,27.357142857142858,29.3,9.69,84.71428571428571,28
Palau,2025,3,2025-03,27.551612903225806,29.2,9.83,84.29032258064517,31
Palau,2025,4,2025-04,28.706666666666667,30.3,9.32,81.2,30
Palau,2025,5,2025-05,28.761290322580646,31.2,16.39,81.48387096774194,31
Palau,2025,6,2025-06,27.996666666666666,30.3,24.57,83.53333333333333,30
Palau,2025,7,2025-07,28.687096774193545,31.3,11.860000000000001,80.48387096774194,31
Palau,2025,8,2025-08,28.635483870967743,30.4,20.23,78.96774193548387,31
Palau,2025,9,2025-09,29.035714285714285,31.4,11.68,77.85714285714286,28
Panama,2024,5,2024-05,28.25,30.0,12.204999999999998,84.75,16
Panama,2024,6,2024-06,27.55,30.0,9.28,86.26666666666667,30
Panama,2024,7,2024-07,26.051724137931036,27.3,10.31,92.10344827586206,29
Panama,2024,8,2024-08,25.548387096774192,27.3,6.64,92.3225806451613,31
Panama,2024,9,2024-09,25.91,27.3,6.39,92.9,30
Panama,2024,10,2024-10,25.10666666666667,27.2,5.14,94.46666666666667,30
Panama,2024,11,2024-11,24.848275862068967,26.3,5.7,92.13793103448276,29
Panama,2024,12,2024-12,24.55483870967742,26.3,6.37,93.16129032258064,31
Panama,2025,1,2025-01,24.956666666666667,26.3,1.29,89.93333333333334,30
Panama,2025,2,2025-02,24.853571428571428,26.4,0.41000000000000003,88.14285714285714,28
Panama,2025,3,2025-03,25.080645161290324,27.4,0.12000000000000001,85.16129032258064,31
Panama,2025,4,2025-04,25.723333333333336,27.2,8.6,87.83333333333333,30
Panama,2025,5,2025-05,25.796666666666667,27.4,7.98,92.56666666666666,30
Panama,2025,6,2025-06,25.616666666666667,27.3,8.07,92.9,30
Panama,2025,7,2025-07,25.629032258064516,27.4,9.97,91.54838709677419,31
Panama,2025,8,2025-08,25.383870967741935,27.4,2.4,91.03225806451613,31
Panama,2025,9,2025-09,25.392857142857142,27.3,5.0,92.35714285714286,28
Papua New Guinea,2024,5,2024-05,25.6375,27.0,2.27,88.125,16
Papua New Guinea,2024,6,2024-06,25.156896551724138,27.0,0.89,88.79310344827586,29
Papua New Guinea,2024,7,2024-07,24.414285714285715,26.3,0.9099999999999999,83.60714285714286,28
Papua New Guinea,2024,8,2024-08,25.27741935483871,27.3,1.8699999999999999,86.29032258064517,31
Papua New Guinea,2024,9,2024-09,26.223333333333336,28.3,4.35,83.0,30
Papua New Guinea,2024,10,2024-10,26.067741935483873,28.1,7.2299999999999995,86.48387096774194,31
Papua New Guinea,2024,11,2024-11,27.483333333333334,30.1,11.68,82.63333333333334,30
Papua New Guinea,2024,12,2024-12,26.932258064516127,29.2,9.9,85.25806451612904,31
Papua New Guinea,2025,1,2025-01,27.190322580645162,29.4,22.14,84.90322580645162,31
Papua New Guinea,2025,2,2025-02,26.982142857142858,29.3,13.07,84.75,28
Papua New Guinea,2025,3,2025-03,27.041935483870965,29.3,43.65,87.2258064516129,31
Papua New Guinea,2025,4,2025-04,27.033333333333335,30.4,32.47,87.4,30
Papua New Guinea,2025,5,2025-05,27.6,30.2,26.729999999999997,86.48387096774194,31
Papua New Guinea,2025,6,2025-06,27.31,28.4,5.31,84.36666666666666,30
Papua New Guinea,2025,7,2025-07,27.200000000000003,28.4,12.03,83.83870967741936,31
Papua New Guinea,2025,8,2025-08,26.887096774193548,29.3,5.93,77.58064516129032,31
Papua New Guinea,2025,9,2025-09,26.099999999999998,29.2,10.64,82.82142857142857,28
Paraguay,2024,5,2024-05,19.43125,30.2,0.04,52.71875,16
Paraguay,2024,6,2024-06,25.146666666666665,32.3,0.08,46.766666666666666,30
Paraguay,2024,7,2024-07,15.189655172413794,23.3,0.52,56.3448275862069,29
Paraguay,2024,8,2024-08,18.12258064516129,29.5,0.35,49.064516129032256,31
Paraguay,2024,9,2024-09,22.59,32.5,0.0,45.03333333333333,30
Paraguay,2024,10,2024-10,23.04516129032258,32.1,1.95,59.516129032258064,31
Paraguay,2024,11,2024-11,22.529999999999998,30.8,19.0,73.63333333333334,30
Paraguay,2024,12,2024-12,22.04516129032258,29.9,4.2,69.3225806451613,31
Paraguay,2025,1,2025-01,24.64333333333333,29.2,2.27,64.3,30
Paraguay,2025,2,2025-02,24.928571428571427,28.5,1.98,68.57142857142857,28
Paraguay,2025,3,2025-03,22.23225806451613,26.6,5.79,81.80645161290323,31
Paraguay,2025,4,2025-04,17.959999999999997,22.4,2.1,80.16666666666667,30
Paraguay,2025,5,2025-05,18.31935483870968,25.4,0.36,78.58064516129032,31
Paraguay,2025,6,2025-06,12.87,21.4,0.9900000000000001,80.06666666666666,30
Paraguay,2025,7,2025-07,14.432258064516128,22.0,0.0,63.58064516129032,31
Paraguay,2025,8,2025-08,17.36774193548387,29.9,0.19,57.03225806451613,31
Paraguay,2025,9,2025-09,23.09642857142857,32.6,0.0,47.107142857142854,28
Peru,2024,5,2024-05,18.1375,19.6,0.04,79.875,16
Peru,2024,6,2024-06,17.136666666666667,18.4,0.08,80.53333333333333,30
Peru,2024,7,2024-07,15.360714285714286,17.0,0.17,82.5,28
Peru,2024,8,2024-08,15.167741935483871,16.4,0.22,83.0,31
Peru,2024,9,2024-09,15.156666666666666,16.5,0.21,84.7,30
Peru,2024,10,2024-10,16.13,17.3,0.1,86.3,30
Peru,2024,11,2024-11,17.348275862068967,18.7,0.01,86.20689655172414,29
Peru,2024,12,2024-12,18.51290322580645,19.4,0.02,86.45161290322581,31
Peru,2025,1,2025-01,19.873333333333335,21.0,0.01,84.8,30
Peru,2025,2,2025-02,21.603571428571428,23.6,0.12,82.46428571428571,28
Peru,2025,3,2025-03,21.238709677419354,23.0,0.09,82.25806451612904,31
Peru,2025,4,2025-04,18.736666666666668,20.8,0.01,84.33333333333333,30
Peru,2025,5,2025-05,16.9,18.4,0.1,86.5,30
Peru,2025,6,2025-06,16.136666666666667,17.5,0.32,86.7,30
Peru,2025,7,2025-07,15.077419354838709,16.0,0.25,83.29032258064517,31
Peru,2025,8,2025-08,14.780645161290321,15.5,0.23,84.70967741935483,31
Peru,2025,9,2025-09,15.278571428571428,17.4,0.14,84.85714285714286,28
Philippines,2024,5,2024-05,30.2,33.0,4.225,75.23333333333333,15
Philippines,2024,6,2024-06,28.853333333333335,31.1,13.07,83.3,30
Philippines,2024,7,2024-07,28.36896551724138,31.1,25.580000000000002,83.44827586206897,29
Philippines,2024,8,2024-08,28.812903225806455,31.3,21.72,81.35483870967742,31
Philippines,2024,9,2024-09,28.723333333333336,34.1,21.46,86.4,30
Philippines,2024,10,2024-10,29.638709677419357,31.4,14.01,76.87096774193549,31
Philippines,2024,11,2024-11,30.173333333333336,33.2,5.41,69.03333333333333,30
Philippines,2024,12,2024-12,28.038709677419355,30.2,8.19,77.61290322580645,31
Philippines,2025,1,2025-01,28.229032258064517,30.4,3.7600000000000002,70.90322580645162,31
Philippines,2025,2,2025-02,28.964285714285715,32.4,2.43,69.32142857142857,28
Philippines,2025,3,2025-03,31.016129032258064,33.3,0.15,62.064516129032256,31
Philippines,2025,4,2025-04,34.21333333333334,36.4,0.93,53.5,30
Philippines,2025,5,2025-05,33.73548387096774,36.4,4.5600000000000005,58.67741935483871,31
Philippines,2025,6,2025-06,30.276666666666667,34.2,21.38,78.8,30
Philippines,2025,7,2025-07,29.26451612903226,32.3,26.04,83.45161290322581,31
Philippines,2025,8,2025-08,29.638709677419353,32.4,22.6,79.12903225806451,31
Philippines,2025,9,2025-09,29.37857142857143,33.1,23.41,79.53571428571429,28
Poland,2024,5,2024-05,23.84375,28.0,3.9699999999999998,41.8125,16
Poland,2024,6,2024-06,23.94333333333333,33.2,1.46,50.46666666666667,30
Poland,2024,7,2024-07,26.482758620689655,35.2,0.13,45.6551724137931,29
Poland,2024,8,2024-08,26.34193548387097,32.4,0.21,46.12903225806452,31
Poland,2024,9,2024-09,22.763333333333332,30.4,3.7199999999999998,51.266666666666666,30
Poland,2024,10,2024-10,12.625806451612902,19.3,0.9400000000000001,66.96774193548387,31
Poland,2024,11,2024-11,4.663333333333333,12.1,1.8,81.0,30
Poland,2024,12,2024-12,3.4096774193548387,10.0,1.31,85.61290322580645,31
Poland,2025,1,2025-01,3.3,9.1,1.1400000000000001,83.35483870967742,31
Poland,2025,2,2025-02,0.7571428571428572,7.3,0.33999999999999997,76.28571428571429,28
Poland,2025,3,2025-03,9.332258064516129,17.3,0.2,56.74193548387097,31
Poland,2025,4,2025-04,13.44,23.2,1.22,53.6,30
Poland,2025,5,2025-05,13.887096774193548,21.4,1.8199999999999998,57.38709677419355,31
Poland,2025,6,2025-06,20.083333333333332,26.1,3.69,63.46666666666667,30
Poland,2025,7,2025-07,21.051612903225806,30.3,6.0200000000000005,68.12903225806451,31
Poland,2025,8,2025-08,20.638709677419353,27.3,1.47,60.903225806451616,31
Poland,2025,9,2025-09,17.025,23.1,1.84,76.75,28
Polônia,2024,7,2024-07,27.7,27.7,0.0,52.0,1
Portugal,2024,5,2024-05,23.46875,31.0,0.005,46.59375,16
Portugal,2024,6,2024-06,23.34333333333333,31.1,0.31,60.8,30
Portugal,2024,7,2024-07,26.98148148148148,33.4,0.4,51.851851851851855,27
Portugal,2024,8,2024-08,27.003225806451614,34.1,0.01,50.03225806451613,31
Portugal,2024,9,2024-09,22.7,29.3,0.8,58.7,30
Portugal,2024,10,2024-10,18.793548387096774,22.1,1.18,87.09677419354838,31
Portugal,2024,11,2024-11,14.69,19.0,1.4100000000000001,90.76666666666667,30
Portugal,2024,12,2024-12,11.206451612903225,17.3,0.01,79.93548387096774,31
Portugal,2025,1,2025-01,12.35483870967742,17.0,5.29,84.19354838709677,31
Portugal,2025,2,2025-02,12.289285714285715,15.1,2.45,90.42857142857143,28
Portugal,2025,3,2025-03,12.845161290322581,15.3,6.25,84.35483870967742,31
Portugal,2025,4,2025-04,15.523333333333333,19.1,16.47,81.63333333333334,30
Portugal,2025,5,2025-05,17.603225806451615,24.3,1.74,73.48387096774194,31
Portugal,2025,6,2025-06,21.333333333333332,32.3,0.09,68.33333333333333,30
Portugal,2025,7,2025-07,22.038709677419355,27.1,0.07,67.70967741935483,31
Portugal,2025,8,2025-08,21.129032258064516,29.2,0.01,75.87096774193549,31
Portugal,2025,9,2025-09,18.267857142857142,20.3,0.5800000000000001,73.64285714285714,28
Qatar,2024,5,2024-05,37.1875,42.0,0.0,27.3125,16
Qatar,2024,6,2024-06,39.01,46.2,0.0,34.7,30
Qatar,2024,7,2024-07,40.793103448275865,45.1,0.0,32.58620689655172,29
Qatar,2024,8,2024-08,38.75483870967742,43.2,0.0,47.87096774193548,31
Qatar,2024,9,2024-09,38.233333333333334,42.1,0.0,43.4,30
Qatar,2024,10,2024-10,34.413333333333334,39.3,0.0,45.2,30
Qatar,2024,11,2024-11,29.98,34.1,0.0,48.166666666666664,30
Qatar,2024,12,2024-12,24.112903225806452,28.2,0.0,45.41935483870968,31
Qatar,2025,1,2025-01,22.335483870967742,25.4,0.0,43.645161290322584,31
Qatar,2025,2,2025-02,22.310714285714287,26.4,0.18,49.464285714285715,28
Qatar,2025,3,2025-03,26.403225806451612,33.1,0.04,37.29032258064516,31
Qatar,2025,4,2025-04,35.17666666666666,40.3,0.0,20.966666666666665,30
Qatar,2025,5,2025-05,39.76129032258064,44.3,0.0,18.64516129032258,31
Qatar,2025,6,2025-06,41.71,46.3,0.0,17.166666666666668,30
Qatar,2025,7,2025-07,41.406451612903226,46.2,0.0,26.258064516129032,31
Qatar,2025,8,2025-08,40.34516129032258,45.1,0.0,41.193548387096776,31
Qatar,2025,9,2025-09,38.175000000000004,44.2,0.01,41.142857142857146,28
Romania,2024,5,2024-05,22.875,30.0,0.32,41.1875,16
Romania,2024,6,2024-06,31.826666666666664,37.2,0.28,34.233333333333334,30
Romania,2024,7,2024-07,33.9,40.2,0.46,28.785714285714285,28
Romania,2024,8,2024-08,32.97741935483871,37.7,1.19,29.580645161290324,31
Romania,2024,9,2024-09,25.19333333333333,34.2,1.32,46.6,30
Romania,2024,10,2024-10,17.648387096774194,26.0,0.04,52.12903225806452,31
Romania,2024,11,2024-11,6.7,16.4,2.3699999999999997,68.96666666666667,30
Romania,2024,12,2024-12,6.141935483870968,11.3,2.87,76.48387096774194,31
Romania,2025,1,2025-01,7.070967741935483,15.2,0.0,68.25806451612904,31
Romania,2025,2,2025-02,1.0321428571428573,7.3,1.19,67.64285714285714,28
Romania,2025,3,2025-03,12.906451612903227,21.1,0.6499999999999999,56.12903225806452,31
Romania,2025,4,2025-04,14.389999999999999,24.3,1.74,57.2,30
Romania,2025,5,2025-05,18.29032258064516,26.1,4.6,62.54838709677419,31
Romania,2025,6,2025-06,27.65,34.1,0.19,44.36666666666667,30
Romania,2025,7,2025-07,29.096774193548388,34.1,0.30000000000000004,45.225806451612904,31
Romania,2025,8,2025-08,26.593548387096774,31.3,0.18,44.83870967741935,31
Romania,2025,9,2025-09,21.610714285714288,29.3,0.25,56.57142857142857,28
Russia,2024,5,2024-05,22.5,28.0,0.28500000000000003,33.53125,16
Russia,2024,6,2024-06,22.546666666666667,31.2,6.73,57.916666666666664,30
Russia,2024,7,2024-07,25.96896551724138,32.2,5.67,45.706896551724135,29
Russia,2024,8,2024-08,23.4741935483871,29.0,0.91,50.87096774193548,31
Russia,2024,9,2024-09,22.436666666666667,30.3,0.0,40.8,30
Russia,2024,10,2024-10,9.235483870967743,20.3,2.9,74.16129032258064,31
Russia,2024,11,2024-11,1.2933333333333332,8.1,1.75,85.93333333333334,30
Russia,2024,12,2024-12,-2.135483870967742,1.8,1.68,89.09677419354838,31
Russia,2025,1,2025-01,0.08709677419354843,7.2,1.4000000000000001,83.38709677419355,31
Russia,2025,2,2025-02,-3.792857142857143,3.3,0.23,70.25,28
Russia,2025,3,2025-03,5.638709677419355,13.4,0.38,63.645161290322584,31
Russia,2025,4,2025-04,10.376666666666667,24.3,2.17,55.13333333333333,30
Russia,2025,5,2025-05,15.480645161290322,27.0,3.59,52.45161290322581,31
Russia,2025,6,2025-06,18.63,26.2,5.42,61.43333333333333,30
Russia,2025,7,2025-07,23.951612903225808,31.3,4.6899999999999995,61.12903225806452,31
Russia,2025,8,2025-08,18.05483870967742,25.2,3.08,72.41935483870968,31
Russia,2025,9,2025-09,15.578571428571427,21.0,0.22,69.78571428571429,28
Rwanda,2024,5,2024-05,26.78125,28.0,5.565,47.53125,16
Rwanda,2024,6,2024-06,26.396666666666665,29.0,0.31,40.8,30
Rwanda,2024,7,2024-07,28.49285714285714,31.0,0.04,29.25,28
Rwanda,2024,8,2024-08,28.480645161290322,31.4,0.04,30.35483870967742,31
Rwanda,2024,9,2024-09,27.65,31.6,0.22,38.56666666666667,30
Rwanda,2024,10,2024-10,26.009677419354837,28.4,8.4,52.774193548387096,31
Rwanda,2024,11,2024-11,23.990000000000002,27.9,12.53,63.4,30
Rwanda,2024,12,2024-12,24.638709677419353,28.1,11.77,60.225806451612904,31
Rwanda,2025,1,2025-01,25.30322580645161,28.2,2.88,54.83870967741935,31
Rwanda,2025,2,2025-02,26.235714285714288,29.4,2.73,52.714285714285715,28
Rwanda,2025,3,2025-03,24.15806451612903,28.3,13.58,63.38709677419355,31
Rwanda,2025,4,2025-04,23.226666666666667,26.3,15.7,68.76666666666667,30
Rwanda,2025,5,2025-05,22.67096774193548,25.1,11.44,70.25806451612904,31
Rwanda,2025,6,2025-06,22.623333333333335,25.3,7.47,61.86666666666667,30
Rwanda,2025,7,2025-07,23.051612903225806,25.2,2.5100000000000002,51.12903225806452,31
Rwanda,2025,8,2025-08,22.40967741935484,25.8,1.3599999999999999,56.12903225806452,31
Rwanda,2025,9,2025-09,23.29642857142857,26.4,1.51,55.035714285714285,28
Saint Kitts And Nevis,2024,5,2024-05,29.84375,31.0,2.1,76.625,16
Saint Kitts And Nevis,2024,6,2024-06,30.226666666666667,32.3,2.29,71.43333333333334,30
Saint Kitts And Nevis,2024,7,2024-07,28.74827586206897,30.3,3.33,78.55172413793103,29
Saint Kitts And Nevis,2024,8,2024-08,28.503225806451614,30.3,4.29,79.45161290322581,31
Saint Kitts And Nevis,2024,9,2024-09,28.376666666666665,30.3,5.22,79.63333333333334,30
Saint Kitts And Nevis,2024,10,2024-10,28.6,29.3,3.99,72.3225806451613,31
Saint Kitts And Nevis,2024,11,2024-11,27.144827586206898,28.7,12.06,78.51724137931035,29
Saint Kitts And Nevis,2024,12,2024-12,25.596774193548388,27.3,5.31,79.19354838709677,31
Saint Kitts And Nevis,2025,1,2025-01,24.883333333333333,26.4,1.87,80.13333333333334,30
Saint Kitts And Nevis,2025,2,2025-02,24.592857142857145,25.3,4.43,79.17857142857143,28
Saint Kitts And Nevis,2025,3,2025-03,24.52258064516129,26.3,3.29,79.64516129032258,31
Saint Kitts And Nevis,2025,4,2025-04,25.1,26.4,4.430000000000001,80.1,30
Saint Kitts And Nevis,2025,5,2025-05,26.296774193548387,27.4,5.97,82.06451612903226,31
Saint Kitts And Nevis,2025,6,2025-06,27.05666666666667,28.4,1.31,77.83333333333333,30
Saint Kitts And Nevis,2025,7,2025-07,27.093548387096774,28.4,1.81,80.93548387096774,31
Saint Kitts And Nevis,2025,8,2025-08,27.716129032258067,29.1,2.73,81.06451612903226,31
Saint Kitts And Nevis,2025,9,2025-09,27.592857142857145,29.2,6.34,80.28571428571429,28
Saint Lucia,2024,5,2024-05,30.0,31.0,1.275,74.3125,16
Saint Lucia,2024,6,2024-06,29.709999999999997,31.2,3.42,75.4,30
Saint Lucia,2024,7,2024-07,29.013793103448275,30.4,3.3,77.37931034482759,29
Saint Lucia,2024,8,2024-08,28.61935483870968,30.4,13.54,80.3225806451613,31
Saint Lucia,2024,9,2024-09,27.973333333333336,30.3,3.8900000000000006,86.06666666666666,30
Saint Lucia,2024,10,2024-10,27.261290322580646,29.4,4.66,85.45161290322581,31
Saint Lucia,2024,11,2024-11,26.75862068965517,28.4,8.4,86.3103448275862,29
Saint Lucia,2024,12,2024-12,25.980645161290322,28.2,5.2,79.90322580645162,31
Saint Lucia,2025,1,2025-01,25.96333333333333,27.4,4.83,79.4,30
Saint Lucia,2025,2,2025-02,25.70357142857143,27.0,3.77,78.57142857142857,28
Saint Lucia,2025,3,2025-03,25.812903225806455,27.4,3.69,81.61290322580645,31
Saint Lucia,2025,4,2025-04,26.279999999999998,27.4,2.7,80.76666666666667,30
Saint Lucia,2025,5,2025-05,26.641935483870967,28.3,3.06,83.03225806451613,31
Saint Lucia,2025,6,2025-06,27.173333333333336,28.4,3.57,80.86666666666666,30
Saint Lucia,2025,7,2025-07,27.203225806451613,28.4,1.98,79.61290322580645,31
Saint Lucia,2025,8,2025-08,27.61935483870968,28.4,2.2800000000000002,80.93548387096774,31
Saint Lucia,2025,9,2025-09,27.446428571428573,29.4,1.9200000000000002,79.75,28
Saint Vincent And The Grenadines,2024,5,2024-05,29.925,32.0,1.235,74.53125,16
Saint Vincent And The Grenadines,2024,6,2024-06,29.413333333333334,31.3,8.09,77.13333333333334,30
Saint Vincent And The Grenadines,2024,7,2024-07,28.542857142857144,30.4,4.09,78.39285714285714,28
Saint Vincent And The Grenadines,2024,8,2024-08,28.567741935483873,30.1,8.71,75.61290322580645,31
Saint Vincent And The Grenadines,2024,9,2024-09,29.103333333333335,29.7,4.01,73.33333333333333,30
Saint Vincent And The Grenadines,2024,10,2024-10,28.906451612903226,29.8,4.74,73.74193548387096,31
Saint Vincent And The Grenadines,2024,11,2024-11,28.43793103448276,29.2,7.75,75.58620689655173,29
Saint Vincent And The Grenadines,2024,12,2024-12,27.26451612903226,28.1,2.92,72.61290322580645,31
Saint Vincent And The Grenadines,2025,1,2025-01,26.623333333333335,27.2,1.42,73.86666666666666,30
Saint Vincent And The Grenadines,2025,2,2025-02,26.075,26.6,4.33,73.89285714285714,28
Saint Vincent And The Grenadines,2025,3,2025-03,25.325806451612905,26.4,3.18,75.41935483870968,31
Saint Vincent And The Grenadines,2025,4,2025-04,25.63,26.4,4.81,77.83333333333333,30
Saint Vincent And The Grenadines,2025,5,2025-05,26.56451612903226,27.1,3.17,78.96774193548387,31
Saint Vincent And The Grenadines,2025,6,2025-06,26.823333333333334,27.6,6.01,79.1,30
Saint Vincent And The Grenadines,2025,7,2025-07,27.312903225806455,27.9,5.1899999999999995,77.51612903225806,31
Saint Vincent And The Grenadines,2025,8,2025-08,27.793548387096774,28.5,4.97,79.48387096774194,31
Saint Vincent And The Grenadines,2025,9,2025-09,27.678571428571427,29.4,1.9,78.32142857142857,28
Saint-Vincent-Et-Les-Grenadines,2024,7,2024-07,27.8,27.8,0.13,82.0,1
Samoa,2024,5,2024-05,25.8125,28.0,5.61,93.125,16
Samoa,2024,6,2024-06,25.75,29.0,7.45,87.6,30
Samoa,2024,7,2024-07,24.932142857142857,27.0,3.92,86.57142857142857,28
Samoa,2024,8,2024-08,24.79032258064516,27.3,3.62,84.6774193548387,31
Samoa,2024,9,2024-09,24.320689655172412,25.3,4.895,94.41379310344827,29
Samoa,2024,10,2024-10,26.253333333333334,27.3,7.68,86.46666666666667,30
Samoa,2024,11,2024-11,26.13214285714286,29.1,11.02,89.46428571428571,28
Samoa,2024,12,2024-12,26.25740740740741,28.3,10.53,86.33333333333333,27
Samoa,2025,1,2025-01,25.75689655172414,27.3,24.805,88.56896551724138,29
Samoa,2025,2,2025-02,26.175,28.4,15.57,85.42857142857143,28
Samoa,2025,3,2025-03,26.032258064516128,28.3,14.17,86.83870967741936,31
Samoa,2025,4,2025-04,26.23,28.2,12.81,87.5,30
Samoa,2025,5,2025-05,25.970000000000002,29.2,17.06,89.96666666666667,30
Samoa,2025,6,2025-06,25.293333333333333,27.0,5.63,86.56666666666666,30
Samoa,2025,7,2025-07,25.051612903225806,27.3,5.27,85.64516129032258,31
Samoa,2025,8,2025-08,25.33225806451613,27.3,1.74,85.03225806451613,31
Samoa,2025,9,2025-09,25.271428571428572,28.0,4.41,82.92857142857143,28
San Marino,2024,5,2024-05,21.1875,25.0,4.3,71.0,16
San Marino,2024,6,2024-06,25.57037037037037,30.3,2.48,61.0,27
San Marino,2024,7,2024-07,29.63448275862069,33.1,0.01,53.44827586206897,29
San Marino,2024,8,2024-08,29.5,32.0,0.3,58.74193548387097,31
San Marino,2024,9,2024-09,23.546666666666667,30.4,9.15,62.9,30
San Marino,2024,10,2024-10,18.848387096774193,23.1,3.99,80.25806451612904,31
San Marino,2024,11,2024-11,11.629999999999999,18.2,0.24,73.66666666666667,30
San Marino,2024,12,2024-12,8.829032258064515,12.3,9.31,66.7741935483871,31
San Marino,2025,1,2025-01,10.003225806451614,19.2,3.54,67.19354838709677,31
San Marino,2025,2,2025-02,9.528571428571428,13.3,2.66,76.39285714285714,28
San Marino,2025,3,2025-03,11.880645161290323,15.3,7.04,68.61290322580645,31
San Marino,2025,4,2025-04,15.893333333333334,21.3,2.63,65.06666666666666,30
San Marino,2025,5,2025-05,19.23225806451613,24.1,6.82,61.903225806451616,31
San Marino,2025,6,2025-06,26.44,29.3,0.02,59.266666666666666,30
San Marino,2025,7,2025-07,26.516129032258064,31.2,1.95,57.25806451612903,31
San Marino,2025,8,2025-08,25.958064516129035,30.3,0.19999999999999998,62.225806451612904,31
San Marino,2025,9,2025-09,21.732142857142858,25.4,2.02,70.35714285714286,28
Saudi Arabia,2024,5,2024-05,40.25,44.0,0.0,6.75,16
Saudi Arabia,2024,6,2024-06,43.656666666666666,45.4,0.0,4.966666666666667,30
Saudi Arabia,2024,7,2024-07,43.33571428571429,46.3,0.0,6.75,28
Saudi Arabia,2024,8,2024-08,43.358064516129026,45.6,0.0,8.387096774193548,31
Saudi Arabia,2024,9,2024-09,39.769999999999996,43.1,0.0,9.766666666666667,30
Saudi Arabia,2024,10,2024-10,33.061290322580646,39.1,0.0,18.419354838709676,31
Saudi Arabia,2024,11,2024-11,27.148275862068964,31.4,0.0,24.137931034482758,29
Saudi Arabia,2024,12,2024-12,21.725806451612904,28.2,0.0,22.258064516129032,31
Saudi Arabia,2025,1,2025-01,17.780645161290323,23.3,0.04,32.225806451612904,31
Saudi Arabia,2025,2,2025-02,19.210714285714285,27.4,0.4,31.0,28
Saudi Arabia,2025,3,2025-03,24.887096774193548,32.4,0.21000000000000002,25.387096774193548,31
Saudi Arabia,2025,4,2025-04,33.73,39.3,0.0,10.7,30
Saudi Arabia,2025,5,2025-05,38.03225806451613,44.0,0.0,6.870967741935484,31
Saudi Arabia,2025,6,2025-06,40.45,44.4,0.0,5.4,30
Saudi Arabia,2025,7,2025-07,41.47096774193548,45.4,0.0,6.290322580645161,31
Saudi Arabia,2025,8,2025-08,40.99677419354839,44.4,0.0,8.387096774193548,31
Saudi Arabia,2025,9,2025-09,37.232142857142854,41.2,0.0,9.964285714285714,28
Saudi Arabien,2024,7,2024-07,45.0,45.0,0.0,7.0,1
Senegal,2024,5,2024-05,26.8125,28.0,0.0,69.75,16
Senegal,2024,6,2024-06,27.573333333333334,30.3,0.0,70.46666666666667,30
Senegal,2024,7,2024-07,28.086206896551722,31.3,0.43000000000000005,75.86206896551724,29
Senegal,2024,8,2024-08,28.741935483870968,32.3,5.1,77.12903225806451,31
Senegal,2024,9,2024-09,28.34,30.4,4.97,82.0,30
Senegal,2024,10,2024-10,27.66774193548387,29.4,0.21000000000000002,81.51612903225806,31
Senegal,2024,11,2024-11,26.153333333333332,29.3,0.0,76.6,30
Senegal,2024,12,2024-12,25.138709677419353,28.4,0.0,47.03225806451613,31
Senegal,2025,1,2025-01,22.32903225806452,27.2,0.0,52.58064516129032,31
Senegal,2025,2,2025-02,20.239285714285717,23.0,0.0,64.60714285714286,28
Senegal,2025,3,2025-03,20.561290322580643,22.3,0.02,79.7741935483871,31
Senegal,2025,4,2025-04,21.3,25.2,0.0,83.6,30
Senegal,2025,5,2025-05,22.783870967741933,25.4,0.11,84.87096774193549,31
Senegal,2025,6,2025-06,25.55,27.3,0.01,80.6,30
Senegal,2025,7,2025-07,26.893548387096775,28.4,1.21,78.80645161290323,31
Senegal,2025,8,2025-08,27.258064516129032,29.1,8.92,84.38709677419355,31
Senegal,2025,9,2025-09,27.092857142857145,28.4,1.37,86.57142857142857,28
Serbia,2024,5,2024-05,24.09375,27.0,1.4700000000000002,48.25,16
Serbia,2024,6,2024-06,29.323333333333334,37.3,14.88,45.7,30
Serbia,2024,7,2024-07,32.278571428571425,39.6,0.62,35.92857142857143,28
Serbia,2024,8,2024-08,33.619354838709675,40.7,0.0,28.451612903225808,31
Serbia,2024,9,2024-09,23.813333333333333,34.3,2.89,50.0,30
Serbia,2024,10,2024-10,17.11935483870968,25.1,1.27,56.41935483870968,31
Serbia,2024,11,2024-11,7.39,16.1,4.25,68.76666666666667,30
Serbia,2024,12,2024-12,4.851612903225806,11.2,2.7399999999999998,79.38709677419355,31
Serbia,2025,1,2025-01,5.72258064516129,18.2,0.25,77.54838709677419,31
Serbia,2025,2,2025-02,4.525,14.2,0.71,59.107142857142854,28
Serbia,2025,3,2025-03,12.816129032258065,20.3,3.8200000000000003,59.16129032258065,31
Serbia,2025,4,2025-04,14.92,22.1,0.56,65.36666666666666,30
Serbia,2025,5,2025-05,17.835483870967742,24.3,4.1,60.935483870967744,31
Serbia,2025,6,2025-06,26.27,33.3,0.0,46.1,30
Serbia,2025,7,2025-07,25.812903225806455,33.4,6.21,52.96774193548387,31
Serbia,2025,8,2025-08,25.458064516129035,31.1,0.30000000000000004,50.193548387096776,31
Serbia,2025,9,2025-09,21.70357142857143,27.2,0.61,60.857142857142854,28
Seychelles Islands,2024,5,2024-05,28.90625,30.0,3.48,76.96875,16
Seychelles Islands,2024,6,2024-06,28.42413793103448,30.0,4.75,77.79310344827586,29
Seychelles Islands,2024,7,2024-07,27.17241379310345,29.1,2.12,79.62068965517241,29
Seychelles Islands,2024,8,2024-08,26.9741935483871,30.1,1.3900000000000001,80.64516129032258,31
Seychelles Islands,2024,9,2024-09,28.30666666666667,30.1,4.46,78.13333333333334,30
Seychelles Islands,2024,10,2024-10,27.287096774193547,30.2,1.28,74.25806451612904,31
Seychelles Islands,2024,11,2024-11,28.44,31.2,1.96,74.23333333333333,30
Seychelles Islands,2024,12,2024-12,28.274193548387096,31.1,8.61,75.64516129032258,31
Seychelles Islands,2025,1,2025-01,28.816129032258065,31.2,8.84,79.61290322580645,31
Seychelles Islands,2025,2,2025-02,29.967857142857145,32.4,3.15,71.39285714285714,28
Seychelles Islands,2025,3,2025-03,29.993548387096777,32.2,5.390000000000001,74.35483870967742,31
Seychelles Islands,2025,4,2025-04,30.866666666666667,33.4,3.32,69.4,30
Seychelles Islands,2025,5,2025-05,30.780645161290323,32.2,2.37,72.35483870967742,31
Seychelles Islands,2025,6,2025-06,29.4,31.4,1.44,71.4,30
Seychelles Islands,2025,7,2025-07,28.1,29.2,1.56,72.19354838709677,31
Seychelles Islands,2025,8,2025-08,27.822580645161292,29.2,1.9900000000000002,74.83870967741936,31
Seychelles Islands,2025,9,2025-09,28.021428571428572,29.4,0.78,77.5,28
Sierra Leone,2024,5,2024-05,29.275,31.0,3.635,74.1875,16
Sierra Leone,2024,6,2024-06,28.724137931034484,31.2,30.28,74.34482758620689,29
Sierra Leone,2024,7,2024-07,26.24285714285714,29.2,39.32,85.32142857142857,28
Sierra Leone,2024,8,2024-08,25.89032258064516,28.3,30.91,86.12903225806451,31
Sierra Leone,2024,9,2024-09,26.453333333333333,28.3,32.74,85.73333333333333,30
Sierra Leone,2024,10,2024-10,25.887096774193548,28.1,10.55,86.09677419354838,31
Sierra Leone,2024,11,2024-11,26.783333333333335,29.7,0.62,78.53333333333333,30
Sierra Leone,2024,12,2024-12,27.67096774193548,29.9,0.0,62.193548387096776,31
Sierra Leone,2025,1,2025-01,27.467741935483872,30.2,0.0,68.09677419354838,31
Sierra Leone,2025,2,2025-02,27.150000000000002,28.7,0.0,72.39285714285714,28
Sierra Leone,2025,3,2025-03,26.241935483870968,28.3,0.15,74.09677419354838,31
Sierra Leone,2025,4,2025-04,26.84,28.3,0.9600000000000001,77.43333333333334,30
Sierra Leone,2025,5,2025-05,26.219354838709677,28.4,2.34,83.12903225806451,31
Sierra Leone,2025,6,2025-06,25.89,28.0,15.080000000000002,86.03333333333333,30
Sierra Leone,2025,7,2025-07,24.270967741935483,26.0,59.54,89.41935483870968,31
Sierra Leone,2025,8,2025-08,24.16774193548387,25.2,45.26,88.45161290322581,31
Sierra Leone,2025,9,2025-09,24.392857142857142,26.0,39.7,88.75,28
Singapore,2024,5,2024-05,28.4,30.0,6.225,83.1,15
Singapore,2024,6,2024-06,28.36,30.0,6.65,78.36666666666666,30
Singapore,2024,7,2024-07,28.896551724137932,30.4,1.29,74.55172413793103,29
Singapore,2024,8,2024-08,28.809677419354838,30.3,0.52,73.0,31
Singapore,2024,9,2024-09,29.69333333333333,32.1,11.28,68.43333333333334,30
Singapore,2024,10,2024-10,29.706451612903226,31.3,4.42,70.38709677419355,31
Singapore,2024,11,2024-11,27.966666666666665,30.3,24.66,80.36666666666666,30
Singapore,2024,12,2024-12,28.48709677419355,33.1,15.04,74.74193548387096,31
Singapore,2025,1,2025-01,28.0,31.4,33.71,73.74193548387096,31
Singapore,2025,2,2025-02,29.192857142857143,31.4,8.24,67.14285714285714,28
Singapore,2025,3,2025-03,29.393548387096775,32.4,27.35,72.29032258064517,31
Singapore,2025,4,2025-04,29.946666666666665,33.2,16.43,71.23333333333333,30
Singapore,2025,5,2025-05,30.993548387096777,33.4,4.05,67.09677419354838,31
Singapore,2025,6,2025-06,31.263333333333332,33.4,5.33,62.86666666666667,30
Singapore,2025,7,2025-07,31.54516129032258,33.3,3.64,61.483870967741936,31
Singapore,2025,8,2025-08,30.23548387096774,33.4,5.74,65.16129032258064,31
Singapore,2025,9,2025-09,29.803571428571427,33.3,7.04,67.78571428571429,28
Slovakia,2024,5,2024-05,21.5,25.0,1.555,59.09375,16
Slovakia,2024,6,2024-06,25.433333333333334,33.2,14.14,54.7,30
Slovakia,2024,7,2024-07,29.25357142857143,35.2,0.49,40.42857142857143,28
Slovakia,2024,8,2024-08,30.19677419354839,34.7,0.21000000000000002,40.645161290322584,31
Slovakia,2024,9,2024-09,20.779999999999998,33.3,6.92,57.43333333333333,30
Slovakia,2024,10,2024-10,13.7,19.4,1.3900000000000001,73.51612903225806,31
Slovakia,2024,11,2024-11,5.636666666666667,12.2,0.44,75.43333333333334,30
Slovakia,2024,12,2024-12,4.319354838709677,11.4,1.85,77.83870967741936,31
Slovakia,2025,1,2025-01,3.3806451612903223,11.2,0.17,82.16129032258064,31
Slovakia,2025,2,2025-02,3.007142857142857,8.2,0.9500000000000001,62.107142857142854,28
Slovakia,2025,3,2025-03,10.264516129032257,18.0,1.93,63.0,31
Slovakia,2025,4,2025-04,14.4,21.1,1.4200000000000002,59.43333333333333,30
Slovakia,2025,5,2025-05,16.18064516129032,23.0,2.41,57.935483870967744,31
Slovakia,2025,6,2025-06,23.433333333333334,30.1,0.21000000000000002,52.63333333333333,30
Slovakia,2025,7,2025-07,22.893548387096775,31.3,1.6400000000000001,59.67741935483871,31
Slovakia,2025,8,2025-08,21.787096774193547,29.1,0.35,56.516129032258064,31
Slovakia,2025,9,2025-09,18.017857142857142,22.1,2.69,75.39285714285714,28
Slovenia,2024,5,2024-05,19.46875,24.0,16.05,65.625,16
Slovenia,2024,6,2024-06,24.57,31.7,4.82,57.733333333333334,30
Slovenia,2024,7,2024-07,28.54137931034483,33.2,3.12,48.37931034482759,29
Slovenia,2024,8,2024-08,29.91290322580645,34.1,5.87,46.54838709677419,31
Slovenia,2024,9,2024-09,20.173333333333336,30.2,24.96,60.53333333333333,30
Slovenia,2024,10,2024-10,14.283870967741937,20.2,6.0600000000000005,83.58064516129032,31
Slovenia,2024,11,2024-11,6.446666666666667,14.5,2.36,77.73333333333333,30
Slovenia,2024,12,2024-12,3.9000000000000004,10.0,0.28,77.96774193548387,31
Slovenia,2025,1,2025-01,3.964516129032258,11.4,3.4,88.12903225806451,31
Slovenia,2025,2,2025-02,3.2285714285714286,10.1,4.79,78.21428571428571,28
Slovenia,2025,3,2025-03,8.903225806451612,16.3,9.799999999999999,70.48387096774194,31
Slovenia,2025,4,2025-04,13.943333333333333,18.4,3.63,61.43333333333333,30
Slovenia,2025,5,2025-05,17.10967741935484,25.2,4.36,61.29032258064516,31
Slovenia,2025,6,2025-06,24.483333333333334,29.4,2.64,55.93333333333333,30
Slovenia,2025,7,2025-07,22.47741935483871,29.0,8.42,64.61290322580645,31
Slovenia,2025,8,2025-08,21.703225806451613,31.1,1.24,70.12903225806451,31
Slovenia,2025,9,2025-09,19.264285714285712,24.3,8.610000000000001,80.03571428571429,28
Solomon Islands,2024,5,2024-05,25.98125,27.0,16.6,90.25,16
Solomon Islands,2024,6,2024-06,25.393103448275863,26.3,2.98,88.94827586206897,29
Solomon Islands,2024,7,2024-07,25.201923076923077,25.7,0.7000000000000001,88.38461538461539,26
Solomon Islands,2024,8,2024-08,25.206451612903226,27.3,3.2600000000000002,88.3225806451613,31
Solomon Islands,2024,9,2024-09,26.006666666666668,28.3,1.79,87.3,30
Solomon Islands,2024,10,2024-10,26.683870967741935,29.3,8.41,86.64516129032258,31
Solomon Islands,2024,11,2024-11,27.48,30.2,4.38,86.0,30
Solomon Islands,2024,12,2024-12,26.583870967741937,28.2,7.97,89.54838709677419,31
Solomon Islands,2025,1,2025-01,26.62258064516129,28.4,26.810000000000002,90.54838709677419,31
Solomon Islands,2025,2,2025-02,26.571428571428573,30.2,15.73,89.67857142857143,28
Solomon Islands,2025,3,2025-03,26.858064516129033,29.3,13.42,88.35483870967742,31
Solomon Islands,2025,4,2025-04,27.016666666666666,31.2,16.54,88.5,30
Solomon Islands,2025,5,2025-05,27.27741935483871,29.4,10.79,87.96774193548387,31
Solomon Islands,2025,6,2025-06,26.84,28.4,8.72,89.2,30
Solomon Islands,2025,7,2025-07,26.893548387096775,30.3,6.92,87.16129032258064,31
Solomon Islands,2025,8,2025-08,27.770967741935483,31.1,6.84,82.41935483870968,31
Solomon Islands,2025,9,2025-09,27.95357142857143,31.0,4.97,82.17857142857143,28
Somalia,2024,5,2024-05,29.575,31.0,0.325,79.4375,16
Somalia,2024,6,2024-06,28.526666666666664,31.2,1.03,76.8,30
Somalia,2024,7,2024-07,27.592857142857145,29.4,0.75,75.53571428571429,28
Somalia,2024,8,2024-08,27.5258064516129,29.4,1.01,74.09677419354838,31
Somalia,2024,9,2024-09,28.94,30.1,0.5700000000000001,73.43333333333334,30
Somalia,2024,10,2024-10,28.296774193548387,30.3,0.21000000000000002,71.54838709677419,31
Somalia,2024,11,2024-11,29.783333333333335,31.3,2.07,75.03333333333333,30
Somalia,2024,12,2024-12,29.516129032258064,30.4,0.01,68.0,31
Somalia,2025,1,2025-01,28.758064516129032,30.2,0.0,70.35483870967742,31
Somalia,2025,2,2025-02,29.15357142857143,31.4,0.0,70.96428571428571,28
Somalia,2025,3,2025-03,30.18064516129032,31.3,0.7000000000000001,73.64516129032258,31
Somalia,2025,4,2025-04,31.153333333333332,33.3,4.58,74.53333333333333,30
Somalia,2025,5,2025-05,30.061290322580643,32.4,0.76,78.45161290322581,31
Somalia,2025,6,2025-06,28.88,30.3,1.74,76.93333333333334,30
Somalia,2025,7,2025-07,28.216129032258067,29.4,0.49,76.83870967741936,31
Somalia,2025,8,2025-08,27.241935483870968,28.4,0.63,76.87096774193549,31
Somalia,2025,9,2025-09,28.22142857142857,29.4,0.3,76.78571428571429,28
South Africa,2024,5,2024-05,23.025,26.0,0.0,26.9375,16
South Africa,2024,6,2024-06,18.946666666666665,23.0,1.73,29.666666666666668,30
South Africa,2024,7,2024-07,20.593103448275862,24.4,0.0,14.448275862068966,29
South Africa,2024,8,2024-08,23.629032258064516,28.0,0.0,18.032258064516128,31
South Africa,2024,9,2024-09,23.933333333333334,32.2,0.26,30.433333333333334,30
South Africa,2024,10,2024-10,24.138709677419353,30.2,0.04,32.32258064516129,31
South Africa,2024,11,2024-11,25.696666666666665,31.3,0.08,41.43333333333333,30
South Africa,2024,12,2024-12,27.580645161290324,34.2,7.84,46.354838709677416,31
South Africa,2025,1,2025-01,26.42258064516129,32.0,4.38,53.483870967741936,31
South Africa,2025,2,2025-02,26.075,32.2,6.37,53.107142857142854,28
South Africa,2025,3,2025-03,23.887096774193548,28.3,2.66,59.41935483870968,31
South Africa,2025,4,2025-04,20.03666666666667,23.4,3.37,64.6,30
South Africa,2025,5,2025-05,17.548387096774192,22.2,0.03,48.935483870967744,31
South Africa,2025,6,2025-06,14.520000000000001,19.4,0.02,45.7,30
South Africa,2025,7,2025-07,13.980645161290322,18.1,0.02,48.45161290322581,31
South Africa,2025,8,2025-08,16.654838709677417,23.1,0.17,42.83870967741935,31
South Africa,2025,9,2025-09,20.292857142857144,25.4,0.03,43.857142857142854,28
South Korea,2024,5,2024-05,16.766666666666666,19.0,0.03,84.43333333333334,15
South Korea,2024,6,2024-06,21.733333333333334,28.1,3.0599999999999996,72.23333333333333,30
South Korea,2024,7,2024-07,25.47142857142857,28.2,15.98,89.92857142857143,28
South Korea,2024,8,2024-08,28.183870967741935,32.4,4.29,79.0,31
South Korea,2024,9,2024-09,25.613333333333333,29.1,6.85,80.73333333333333,30
South Korea,2024,10,2024-10,18.283870967741933,22.2,3.5,66.45161290322581,31
South Korea,2024,11,2024-11,11.896666666666667,20.2,1.52,57.5,30
South Korea,2024,12,2024-12,0.5612903225806452,7.4,0.21000000000000002,59.645161290322584,31
South Korea,2025,1,2025-01,-0.8258064516129031,5.4,0.38,64.96774193548387,31
South Korea,2025,2,2025-02,-0.003571428571428749,11.1,0.05,55.5,28
South Korea,2025,3,2025-03,9.66451612903226,23.2,2.3799999999999994,47.38709677419355,31
South Korea,2025,4,2025-04,15.79,23.4,5.12,52.93333333333333,30
South Korea,2025,5,2025-05,20.416129032258063,27.1,2.5100000000000002,60.25806451612903,31
South Korea,2025,6,2025-06,26.326666666666668,31.3,2.3,65.03333333333333,30
South Korea,2025,7,2025-07,31.112903225806452,36.4,2.3400000000000003,70.7741935483871,31
South Korea,2025,8,2025-08,30.938709677419357,34.3,4.34,70.09677419354838,31
South Korea,2025,9,2025-09,27.25,33.4,3.03,63.607142857142854,28
Spain,2024,5,2024-05,24.64375,32.0,0.0,28.0625,16
Spain,2024,6,2024-06,26.709999999999997,34.0,0.66,36.5,30
Spain,2024,7,2024-07,33.760714285714286,38.7,0.0,21.0,28
Spain,2024,8,2024-08,32.9,38.2,0.11,27.0,31
Spain,2024,9,2024-09,22.456666666666667,30.4,0.8200000000000001,44.43333333333333,30
Spain,2024,10,2024-10,16.48709677419355,22.1,1.29,69.96774193548387,31
Spain,2024,11,2024-11,11.533333333333333,16.3,0.28,79.36666666666666,30
Spain,2024,12,2024-12,8.183870967741935,13.2,0.1,70.29032258064517,31
Spain,2025,1,2025-01,7.067741935483871,13.4,5.64,79.41935483870968,31
Spain,2025,2,2025-02,8.475,11.1,0.04,72.89285714285714,28
Spain,2025,3,2025-03,8.541935483870969,14.3,7.8500000000000005,77.6774193548387,31
Spain,2025,4,2025-04,13.106666666666666,18.2,0.77,69.66666666666667,30
Spain,2025,5,2025-05,17.05806451612903,26.3,2.56,59.516129032258064,31
Spain,2025,6,2025-06,25.59,31.0,0.01,44.03333333333333,30
Spain,2025,7,2025-07,24.506451612903227,29.3,0.0,44.54838709677419,31
Spain,2025,8,2025-08,25.258064516129032,31.2,0.0,41.064516129032256,31
Spain,2025,9,2025-09,18.62857142857143,24.3,0.0,51.964285714285715,28
Sri Lanka,2024,5,2024-05,27.11875,29.0,21.2,90.125,16
Sri Lanka,2024,6,2024-06,28.34,30.3,15.05,83.6,30
Sri Lanka,2024,7,2024-07,28.650000000000002,32.2,12.52,82.14285714285714,28
Sri Lanka,2024,8,2024-08,28.77741935483871,32.2,17.07,79.16129032258064,31
Sri Lanka,2024,9,2024-09,31.15666666666667,33.2,18.7,71.2,30
Sri Lanka,2024,10,2024-10,28.91290322580645,33.4,19.64,78.87096774193549,31
Sri Lanka,2024,11,2024-11,29.216666666666665,32.3,12.42,75.0,30
Sri Lanka,2024,12,2024-12,29.60967741935484,31.4,7.56,70.16129032258064,31
Sri Lanka,2025,1,2025-01,29.206451612903226,32.2,18.28,72.12903225806451,31
Sri Lanka,2025,2,2025-02,31.928571428571427,33.3,4.86,61.0,28
Sri Lanka,2025,3,2025-03,31.451612903225808,33.3,18.220000000000002,68.25806451612904,31
Sri Lanka,2025,4,2025-04,31.943333333333335,33.2,11.44,71.9,30
Sri Lanka,2025,5,2025-05,30.970967741935485,33.4,14.94,77.35483870967742,31
Sri Lanka,2025,6,2025-06,30.526666666666664,32.4,10.22,77.93333333333334,30
Sri Lanka,2025,7,2025-07,30.190322580645162,32.0,12.04,75.7741935483871,31
Sri Lanka,2025,8,2025-08,30.074193548387097,31.3,9.73,75.64516129032258,31
Sri Lanka,2025,9,2025-09,30.25714285714286,32.1,15.33,76.46428571428571,28
Sudan,2024,5,2024-05,40.5359375,42.45,0.0,10.328125,16
Sudan,2024,6,2024-06,39.08166666666667,42.7,0.0,20.266666666666666,30
Sudan,2024,7,2024-07,34.50689655172414,38.5,0.74,35.775862068965516,29
Sudan,2024,8,2024-08,30.27258064516129,34.45,3.84,53.03225806451613,31
Sudan,2024,9,2024-09,33.028333333333336,36.2,0.23500000000000001,40.5,30
Sudan,2024,10,2024-10,32.575806451612905,35.2,0.0,27.93548387096774,31
Sudan,2024,11,2024-11,27.628333333333334,30.85,0.0,20.866666666666667,30
Sudan,2024,12,2024-12,27.26451612903226,31.5,0.0,19.516129032258064,31
Sudan,2025,1,2025-01,26.398387096774194,30.15,0.0,18.822580645161292,31
Sudan,2025,2,2025-02,28.758928571428573,31.15,0.0,15.375,28
Sudan,2025,3,2025-03,30.072580645161292,35.8,0.0,11.53225806451613,31
Sudan,2025,4,2025-04,33.78,37.8,0.0,12.5,30
Sudan,2025,5,2025-05,34.83387096774193,38.85,0.0,11.32258064516129,31
Sudan,2025,6,2025-06,34.64833333333333,38.3,0.0,20.666666666666668,30
Sudan,2025,7,2025-07,30.26451612903226,33.95,0.615,47.774193548387096,31
Sudan,2025,8,2025-08,27.387096774193548,31.05,5.215,60.725806451612904,31
Sudan,2025,9,2025-09,28.769642857142856,31.65,0.42,54.732142857142854,28
Suriname,2024,5,2024-05,28.675,32.0,9.855,79.15625,16
Suriname,2024,6,2024-06,28.406896551724138,31.2,8.58,79.72413793103448,29
Suriname,2024,7,2024-07,26.351724137931036,28.3,7.46,84.75862068965517,29
Suriname,2024,8,2024-08,26.693548387096776,27.9,2.7600000000000002,79.06451612903226,31
Suriname,2024,9,2024-09,26.08,28.2,0.01,85.6,30
Suriname,2024,10,2024-10,24.33225806451613,26.0,0.52,96.06451612903226,31
Suriname,2024,11,2024-11,24.12,25.1,2.56,95.43333333333334,30
Suriname,2024,12,2024-12,23.6,24.7,3.02,94.90322580645162,31
Suriname,2025,1,2025-01,22.85666666666667,26.0,6.71,96.4,30
Suriname,2025,2,2025-02,23.260714285714283,25.4,4.75,97.03571428571429,28
Suriname,2025,3,2025-03,23.432258064516127,24.7,3.03,96.16129032258064,31
Suriname,2025,4,2025-04,23.873333333333335,25.1,6.46,95.76666666666667,30
Suriname,2025,5,2025-05,24.009677419354837,25.2,16.34,98.61290322580645,31
Suriname,2025,6,2025-06,23.966666666666665,24.4,5.74,96.66666666666667,30
Suriname,2025,7,2025-07,23.37741935483871,25.1,5.08,94.90322580645162,31
Suriname,2025,8,2025-08,23.74516129032258,25.4,4.75,94.09677419354838,31
Suriname,2025,9,2025-09,24.164285714285715,26.1,0.4,94.82142857142857,28
Swaziland,2024,5,2024-05,21.046875,25.0,0.0,42.34375,16
Swaziland,2024,6,2024-06,19.266666666666666,26.0,0.060000000000000005,34.2,30
Swaziland,2024,7,2024-07,23.235714285714288,30.3,0.0,17.464285714285715,28
Swaziland,2024,8,2024-08,25.17096774193548,37.2,0.64,32.935483870967744,31
Swaziland,2024,9,2024-09,24.423333333333336,34.4,0.62,50.56666666666667,30
Swaziland,2024,10,2024-10,22.59032258064516,32.2,2.13,52.03225806451613,31
Swaziland,2024,11,2024-11,25.073333333333334,33.3,1.2,55.36666666666667,30
Swaziland,2024,12,2024-12,27.94193548387097,36.3,2.6599999999999997,55.096774193548384,31
Swaziland,2025,1,2025-01,26.47741935483871,31.0,7.62,65.35483870967742,31
Swaziland,2025,2,2025-02,24.464285714285715,30.9,3.02,67.71428571428571,28
Swaziland,2025,3,2025-03,24.23,28.2,1.46,73.5,30
Swaziland,2025,4,2025-04,21.18,27.2,3.46,67.3,30
Swaziland,2025,5,2025-05,20.154838709677417,24.1,0.02,48.67741935483871,31
Swaziland,2025,6,2025-06,17.796666666666667,24.4,0.0,41.93333333333333,30
Swaziland,2025,7,2025-07,17.20967741935484,22.4,0.02,49.193548387096776,31
Swaziland,2025,8,2025-08,18.32903225806452,26.3,0.21000000000000002,59.61290322580645,31
Swaziland,2025,9,2025-09,20.539285714285715,30.1,0.16,63.392857142857146,28
Sweden,2024,5,2024-05,21.9375,26.0,0.0,39.28125,16
Sweden,2024,6,2024-06,20.153333333333332,28.2,2.53,50.56666666666667,30
Sweden,2024,7,2024-07,21.464285714285715,25.4,3.42,57.214285714285715,28
Sweden,2024,8,2024-08,21.63225806451613,24.9,0.98,52.16129032258065,31
Sweden,2024,9,2024-09,17.566666666666666,27.1,3.22,65.96666666666667,30
Sweden,2024,10,2024-10,10.819354838709677,14.3,4.2,81.3225806451613,31
Sweden,2024,11,2024-11,4.406666666666666,11.2,1.91,83.56666666666666,30
Sweden,2024,12,2024-12,2.487096774193548,8.3,1.95,85.19354838709677,31
Sweden,2025,1,2025-01,0.9612903225806452,5.3,2.2800000000000002,89.03225806451613,31
Sweden,2025,2,2025-02,0.49285714285714294,5.3,0.64,82.85714285714286,28
Sweden,2025,3,2025-03,5.867741935483871,11.2,0.11,66.2258064516129,31
Sweden,2025,4,2025-04,9.66,14.3,1.1400000000000001,58.93333333333333,30
Sweden,2025,5,2025-05,11.600000000000001,17.4,2.09,56.96774193548387,31
Sweden,2025,6,2025-06,17.23,23.2,1.53,56.43333333333333,30
Sweden,2025,7,2025-07,21.629032258064516,26.2,1.43,62.774193548387096,31
Sweden,2025,8,2025-08,17.02258064516129,23.2,2.8000000000000003,71.06451612903226,31
Sweden,2025,9,2025-09,15.167857142857143,22.6,0.42,85.57142857142857,28
Switzerland,2024,5,2024-05,17.125,22.0,6.22,66.75,16
Switzerland,2024,6,2024-06,21.936666666666667,30.1,14.06,60.2,30
Switzerland,2024,7,2024-07,25.517857142857142,32.6,3.9299999999999997,52.785714285714285,28
Switzerland,2024,8,2024-08,25.716129032258067,31.1,2.5,54.45161290322581,31
Switzerland,2024,9,2024-09,17.076666666666664,28.2,9.67,71.53333333333333,30
Switzerland,2024,10,2024-10,13.52258064516129,17.9,4.71,80.38709677419355,31
Switzerland,2024,11,2024-11,5.193333333333333,13.4,2.96,85.66666666666667,30
Switzerland,2024,12,2024-12,3.332258064516129,9.2,7.86,78.35483870967742,31
Switzerland,2025,1,2025-01,3.0677419354838706,8.2,1.75,81.7741935483871,31
Switzerland,2025,2,2025-02,4.157142857142857,10.0,1.51,79.07142857142857,28
Switzerland,2025,3,2025-03,7.6,13.2,2.06,71.38709677419355,31
Switzerland,2025,4,2025-04,11.860000000000001,17.3,2.18,68.93333333333334,30
Switzerland,2025,5,2025-05,14.73225806451613,22.1,5.45,70.16129032258064,31
Switzerland,2025,6,2025-06,22.016666666666666,28.3,2.37,65.0,30
Switzerland,2025,7,2025-07,20.129032258064516,27.1,4.37,68.64516129032258,31
Switzerland,2025,8,2025-08,19.059677419354838,26.4,7.57,73.41935483870968,31
Switzerland,2025,9,2025-09,13.132142857142856,22.0,3.08,86.25,28
Syria,2024,5,2024-05,30.84375,34.0,0.06,19.53125,16
Syria,2024,6,2024-06,38.12,42.3,0.03,12.266666666666667,30
Syria,2024,7,2024-07,36.88928571428572,39.4,0.0,17.714285714285715,28
Syria,2024,8,2024-08,36.47741935483871,39.4,0.0,17.258064516129032,31
Syria,2024,9,2024-09,32.14,37.3,0.0,24.7,30
Syria,2024,10,2024-10,25.0,31.4,0.0,27.774193548387096,31
Syria,2024,11,2024-11,17.546666666666667,22.0,0.2,51.53333333333333,30
Syria,2024,12,2024-12,13.941935483870967,20.2,1.27,40.0,31
Syria,2025,1,2025-01,12.964516129032257,16.8,0.27,40.516129032258064,31
Syria,2025,2,2025-02,10.360714285714286,15.6,1.0,42.214285714285715,28
Syria,2025,3,2025-03,17.703225806451613,26.4,1.43,37.70967741935484,31
Syria,2025,4,2025-04,21.506666666666668,29.2,0.0,29.566666666666666,30
Syria,2025,5,2025-05,27.051612903225806,35.2,0.01,24.70967741935484,31
Syria,2025,6,2025-06,30.448275862068964,35.2,0.0,23.03448275862069,29
Syria,2025,7,2025-07,31.629032258064516,36.7,0.0,28.677419354838708,31
Syria,2025,8,2025-08,31.12258064516129,40.2,0.0,36.03225806451613,31
Syria,2025,9,2025-09,25.307142857142857,28.3,0.0,45.857142857142854,28
Südkorea,2024,7,2024-07,26.1,26.1,0.22,84.0,1
Tajikistan,2024,5,2024-05,24.21875,29.0,0.91,51.59375,16
Tajikistan,2024,6,2024-06,29.06,38.4,2.4,34.833333333333336,30
Tajikistan,2024,7,2024-07,34.36071428571429,39.0,0.24000000000000002,19.928571428571427,28
Tajikistan,2024,8,2024-08,34.45483870967742,40.1,0.0,17.29032258064516,31
Tajikistan,2024,9,2024-09,29.873333333333335,36.2,0.48,22.0,30
Tajikistan,2024,10,2024-10,22.967741935483872,32.0,0.56,37.354838709677416,31
Tajikistan,2024,11,2024-11,16.573333333333334,26.2,1.48,49.13333333333333,30
Tajikistan,2024,12,2024-12,6.854838709677419,15.0,0.9400000000000001,50.16129032258065,31
Tajikistan,2025,1,2025-01,7.580645161290323,15.3,2.2600000000000002,57.25806451612903,31
Tajikistan,2025,2,2025-02,11.435714285714285,21.3,0.42,46.82142857142857,28
Tajikistan,2025,3,2025-03,16.467741935483872,30.2,3.14,43.12903225806452,31
Tajikistan,2025,4,2025-04,24.40666666666667,33.2,0.67,40.03333333333333,30
Tajikistan,2025,5,2025-05,30.467741935483872,35.2,2.18,29.64516129032258,31
Tajikistan,2025,6,2025-06,34.480000000000004,40.1,0.22,21.766666666666666,30
Tajikistan,2025,7,2025-07,38.487096774193546,43.2,0.05,15.129032258064516,31
Tajikistan,2025,8,2025-08,35.903225806451616,39.3,0.0,16.516129032258064,31
Tajikistan,2025,9,2025-09,31.292857142857144,36.2,0.01,18.857142857142858,28
Tanzania,2024,5,2024-05,27.09375,30.0,0.0,43.625,16
Tanzania,2024,6,2024-06,27.12,31.0,0.0,35.03333333333333,30
Tanzania,2024,7,2024-07,28.013793103448275,30.3,0.0,30.82758620689655,29
Tanzania,2024,8,2024-08,27.925806451612903,30.0,0.0,30.967741935483872,31
Tanzania,2024,9,2024-09,28.92,31.4,0.0,31.6,30
Tanzania,2024,10,2024-10,28.27741935483871,31.5,0.19,39.67741935483871,31
Tanzania,2024,11,2024-11,29.279999999999998,33.3,0.76,39.0,30
Tanzania,2024,12,2024-12,27.316129032258065,30.7,3.4899999999999998,51.774193548387096,31
Tanzania,2025,1,2025-01,26.761290322580646,30.0,7.42,56.12903225806452,31
Tanzania,2025,2,2025-02,27.685714285714287,30.4,3.2,52.57142857142857,28
Tanzania,2025,3,2025-03,26.548387096774192,29.5,7.58,59.903225806451616,31
Tanzania,2025,4,2025-04,25.540000000000003,27.3,3.04,61.03333333333333,30
Tanzania,2025,5,2025-05,24.92258064516129,27.1,1.52,55.645161290322584,31
Tanzania,2025,6,2025-06,23.82,26.4,0.01,52.666666666666664,30
Tanzania,2025,7,2025-07,22.574193548387097,25.1,0.0,50.645161290322584,31
Tanzania,2025,8,2025-08,22.23225806451613,25.4,0.0,49.354838709677416,31
Tanzania,2025,9,2025-09,23.689285714285713,27.2,0.0,48.035714285714285,28
Thailand,2024,5,2024-05,28.571875,31.5,3.6625,82.0,16
Thailand,2024,6,2024-06,29.30166666666667,31.85,9.855,77.13333333333334,30
Thailand,2024,7,2024-07,27.74310344827586,31.3,14.719999999999999,82.86206896551724,29
Thailand,2024,8,2024-08,28.530645161290323,31.8,11.195,79.88709677419355,31
Thailand,2024,9,2024-09,29.261666666666667,33.1,15.705,77.7,30
Thailand,2024,10,2024-10,30.585483870967742,32.5,9.92,68.1774193548387,31
Thailand,2024,11,2024-11,30.816666666666666,34.150000000000006,3.56,56.166666666666664,30
Thailand,2024,12,2024-12,28.874193548387098,31.75,0.06,52.11290322580645,31
Thailand,2025,1,2025-01,29.138709677419353,33.849999999999994,0.0,39.45161290322581,31
Thailand,2025,2,2025-02,32.408928571428575,34.75,0.155,42.089285714285715,28
Thailand,2025,3,2025-03,34.524193548387096,37.7,0.005,41.74193548387097,31
Thailand,2025,4,2025-04,34.333333333333336,37.75,2.4,51.5,30
Thailand,2025,5,2025-05,31.76290322580645,35.75,4.8,66.2741935483871,31
Thailand,2025,6,2025-06,32.461666666666666,35.6,16.27,61.2,30
Thailand,2025,7,2025-07,31.003225806451614,34.75,17.7,69.35483870967742,31
Thailand,2025,8,2025-08,32.52741935483871,35.150000000000006,15.325,61.016129032258064,31
Thailand,2025,9,2025-09,31.530357142857145,34.349999999999994,10.1,67.41071428571429,28
Timor-Leste,2024,5,2024-05,25.416666666666668,26.9,0.52,78.46666666666667,15
Timor-Leste,2024,6,2024-06,24.303448275862067,25.8,0.02,75.86206896551724,29
Timor-Leste,2024,7,2024-07,23.642857142857142,25.4,2.18,75.96428571428571,28
Timor-Leste,2024,8,2024-08,24.09032258064516,25.0,0.11000000000000001,75.51612903225806,31
Timor-Leste,2024,9,2024-09,25.446666666666665,27.9,3.79,74.33333333333333,30
Timor-Leste,2024,10,2024-10,27.580645161290324,28.6,3.29,68.70967741935483,31
Timor-Leste,2024,11,2024-11,27.916666666666668,28.9,21.91,72.5,30
Timor-Leste,2024,12,2024-12,26.606451612903225,27.5,21.06,83.93548387096774,31
Timor-Leste,2025,1,2025-01,26.348387096774193,27.2,18.77,82.45161290322581,31
Timor-Leste,2025,2,2025-02,26.228571428571428,27.2,28.87,83.64285714285714,28
Timor-Leste,2025,3,2025-03,26.883870967741935,27.5,22.36,81.03225806451613,31
Timor-Leste,2025,4,2025-04,26.45,27.4,14.86,78.46666666666667,30
Timor-Leste,2025,5,2025-05,26.4741935483871,27.4,13.53,79.51612903225806,31
Timor-Leste,2025,6,2025-06,25.85666666666667,27.3,2.64,74.8,30
Timor-Leste,2025,7,2025-07,25.77741935483871,27.3,2.66,70.96774193548387,31
Timor-Leste,2025,8,2025-08,26.287096774193547,27.7,0.31,66.09677419354838,31
Timor-Leste,2025,9,2025-09,26.978571428571428,27.9,6.36,67.92857142857143,28
Togo,2024,6,2024-06,27.9,27.9,0.16,74.0,1
Tonga,2024,5,2024-05,23.64375,26.3,4.9,90.4375,16
Tonga,2024,6,2024-06,22.48,25.3,1.4000000000000001,81.83333333333333,30
Tonga,2024,7,2024-07,21.917241379310347,24.3,0.98,79.6896551724138,29
Tonga,2024,8,2024-08,21.364516129032257,23.4,1.46,79.7741935483871,31
Tonga,2024,9,2024-09,21.120689655172413,23.3,1.895,91.43103448275862,29
Tonga,2024,10,2024-10,22.92258064516129,24.6,6.28,91.03225806451613,31
Tonga,2024,11,2024-11,23.629310344827587,25.4,4.87,91.5,29
Tonga,2024,12,2024-12,25.36346153846154,27.1,8.195,87.82692307692308,26
Tonga,2025,1,2025-01,25.00714285714286,27.4,5.635,92.875,28
Tonga,2025,2,2025-02,26.12142857142857,27.8,8.33,91.39285714285714,28
Tonga,2025,3,2025-03,25.641935483870967,27.1,11.83,92.96774193548387,31
Tonga,2025,4,2025-04,25.706666666666667,27.3,3.1700000000000004,90.4,30
Tonga,2025,5,2025-05,23.648387096774194,25.4,4.7,91.12903225806451,31
Tonga,2025,6,2025-06,22.35666666666667,25.3,3.51,90.8,30
Tonga,2025,7,2025-07,21.190322580645162,23.4,3.5999999999999996,88.19354838709677,31
Tonga,2025,8,2025-08,21.129032258064516,24.2,1.56,87.06451612903226,31
Tonga,2025,9,2025-09,21.144444444444442,24.2,0.81,78.03703703703704,27
Trinidad And Tobago,2024,5,2024-05,30.21875,32.0,2.33,75.5,16
Trinidad And Tobago,2024,6,2024-06,29.386666666666667,31.0,6.09,77.83333333333333,30
Trinidad And Tobago,2024,7,2024-07,27.36896551724138,30.4,12.120000000000001,82.44827586206897,29
Trinidad And Tobago,2024,8,2024-08,26.858064516129033,29.4,15.33,84.41935483870968,31
Trinidad And Tobago,2024,9,2024-09,27.02,30.2,6.680000000000001,91.26666666666667,30
Trinidad And Tobago,2024,10,2024-10,25.541935483870965,27.4,10.27,93.2258064516129,31
Trinidad And Tobago,2024,11,2024-11,25.66896551724138,27.0,11.86,91.17241379310344,29
Trinidad And Tobago,2024,12,2024-12,24.177419354838708,26.3,4.8999999999999995,91.45161290322581,31
Trinidad And Tobago,2025,1,2025-01,23.44,25.2,2.8800000000000003,89.1,30
Trinidad And Tobago,2025,2,2025-02,23.810714285714287,25.3,0.12000000000000001,83.78571428571429,28
Trinidad And Tobago,2025,3,2025-03,24.219354838709677,25.3,5.91,83.54838709677419,31
Trinidad And Tobago,2025,4,2025-04,25.053333333333335,26.4,7.08,85.86666666666666,30
Trinidad And Tobago,2025,5,2025-05,25.129032258064516,26.3,8.69,94.48387096774194,31
Trinidad And Tobago,2025,6,2025-06,25.326666666666664,27.2,7.93,94.63333333333334,30
Trinidad And Tobago,2025,7,2025-07,24.641935483870967,26.1,5.14,95.38709677419355,31
Trinidad And Tobago,2025,8,2025-08,25.161290322580644,26.4,6.87,93.06451612903226,31
Trinidad And Tobago,2025,9,2025-09,25.25357142857143,26.4,5.74,95.14285714285714,28
Tunisia,2024,5,2024-05,28.175,32.0,0.49,41.25,16
Tunisia,2024,6,2024-06,30.14333333333333,39.5,0.04,41.6,30
Tunisia,2024,7,2024-07,34.21785714285714,40.4,0.0,36.92857142857143,28
Tunisia,2024,8,2024-08,34.63225806451613,40.6,0.09,37.87096774193548,31
Tunisia,2024,9,2024-09,30.183333333333334,39.3,0.72,47.46666666666667,30
Tunisia,2024,10,2024-10,25.14516129032258,29.3,0.7899999999999999,64.3225806451613,31
Tunisia,2024,11,2024-11,19.696666666666665,24.2,1.01,69.1,30
Tunisia,2024,12,2024-12,15.403225806451612,20.4,2.24,66.58064516129032,31
Tunisia,2025,1,2025-01,16.026666666666667,21.1,0.76,64.16666666666667,30
Tunisia,2025,2,2025-02,15.517857142857142,19.0,1.84,73.92857142857143,28
Tunisia,2025,3,2025-03,17.929032258064513,22.3,0.95,66.38709677419355,31
Tunisia,2025,4,2025-04,19.256666666666668,23.1,0.31,63.36666666666667,30
Tunisia,2025,5,2025-05,22.748387096774195,28.1,0.37,59.645161290322584,31
Tunisia,2025,6,2025-06,29.43103448275862,34.3,0.01,49.37931034482759,29
Tunisia,2025,7,2025-07,30.845161290322583,39.4,0.23,49.58064516129032,31
Tunisia,2025,8,2025-08,28.700000000000003,35.1,0.02,57.903225806451616,31
Tunisia,2025,9,2025-09,26.692857142857143,33.3,0.13,65.75,28
Turkey,2024,5,2024-05,23.98125,30.0,1.345,43.5,16
Turkey,2024,6,2024-06,32.03666666666667,38.3,1.5150000000000001,28.983333333333334,30
Turkey,2024,7,2024-07,32.07586206896552,36.25,3.23,32.48275862068966,29
Turkey,2024,8,2024-08,32.50161290322581,36.8,0.15,26.56451612903226,31
Turkey,2024,9,2024-09,26.943333333333335,31.75,0.9949999999999999,41.35,30
Turkey,2024,10,2024-10,19.766129032258064,28.8,0.03,45.37096774193548,31
Turkey,2024,11,2024-11,11.66,18.450000000000003,2.95,62.233333333333334,30
Turkey,2024,12,2024-12,9.316129032258065,16.9,2.725,69.37096774193549,31
Turkey,2025,1,2025-01,8.759677419354839,13.8,3.55,74.53225806451613,31
Turkey,2025,2,2025-02,5.119642857142857,12.25,2.17,64.30357142857143,28
Turkey,2025,3,2025-03,13.95483870967742,24.75,0.52,50.66129032258065,31
Turkey,2025,4,2025-04,13.325,22.05,3.6649999999999996,61.6,30
Turkey,2025,5,2025-05,20.65806451612903,30.15,1.6299999999999997,49.96774193548387,31
Turkey,2025,6,2025-06,25.85166666666667,31.25,0.805,39.55,30
Turkey,2025,7,2025-07,29.703225806451616,34.150000000000006,0.0,36.596774193548384,31
Turkey,2025,8,2025-08,26.920967741935485,30.6,0.0,45.17741935483871,31
Turkey,2025,9,2025-09,21.457142857142856,26.1,0.30000000000000004,54.017857142857146,28
Turkmenistan,2024,5,2024-05,25.21875,34.0,0.42,43.46875,16
Turkmenistan,2024,6,2024-06,35.35,39.3,0.7,20.766666666666666,30
Turkmenistan,2024,7,2024-07,37.489285714285714,42.5,2.26,19.571428571428573,28
Turkmenistan,2024,8,2024-08,36.57741935483871,40.7,0.05,19.258064516129032,31
Turkmenistan,2024,9,2024-09,30.040000000000003,37.3,0.0,18.466666666666665,30
Turkmenistan,2024,10,2024-10,21.951612903225808,32.0,2.9,44.483870967741936,31
Turkmenistan,2024,11,2024-11,15.1,26.3,0.54,56.03333333333333,30
Turkmenistan,2024,12,2024-12,9.138709677419355,15.3,0.09,52.41935483870968,31
Turkmenistan,2025,1,2025-01,9.219354838709679,15.4,0.19,56.87096774193548,31
Turkmenistan,2025,2,2025-02,8.028571428571428,17.4,1.22,61.464285714285715,28
Turkmenistan,2025,3,2025-03,17.93548387096774,33.2,1.12,41.41935483870968,31
Turkmenistan,2025,4,2025-04,26.613333333333333,39.3,0.72,33.266666666666666,30
Turkmenistan,2025,5,2025-05,31.138709677419353,40.3,0.7899999999999999,25.258064516129032,31
Turkmenistan,2025,6,2025-06,33.00333333333334,39.4,0.16,24.066666666666666,30
Turkmenistan,2025,7,2025-07,36.94193548387097,42.3,0.02,20.096774193548388,31
Turkmenistan,2025,8,2025-08,35.21612903225807,39.4,0.0,19.580645161290324,31
Turkmenistan,2025,9,2025-09,28.425,34.3,0.01,30.071428571428573,28
Turkménistan,2024,7,2024-07,37.8,37.8,0.0,11.0,1
Tuvalu,2024,5,2024-05,28.69375,30.0,8.22,85.625,16
Tuvalu,2024,6,2024-06,28.346666666666668,29.3,13.89,85.36666666666666,30
Tuvalu,2024,7,2024-07,28.731034482758623,30.2,8.879999999999999,81.96551724137932,29
Tuvalu,2024,8,2024-08,28.306451612903224,29.4,19.32,80.80645161290323,31
Tuvalu,2024,9,2024-09,28.573333333333334,30.3,14.225,86.61666666666666,30
Tuvalu,2024,10,2024-10,28.838709677419356,30.4,3.83,84.3225806451613,31
Tuvalu,2024,11,2024-11,29.17,30.3,18.51,81.06666666666666,30
Tuvalu,2024,12,2024-12,28.70967741935484,30.3,9.69,80.90322580645162,31
Tuvalu,2025,1,2025-01,28.53548387096774,30.1,10.33,79.51612903225806,31
Tuvalu,2025,2,2025-02,28.642857142857142,29.3,10.7,78.78571428571429,28
Tuvalu,2025,3,2025-03,29.009677419354837,30.3,10.97,80.54838709677419,31
Tuvalu,2025,4,2025-04,28.523333333333333,29.4,17.53,83.9,30
Tuvalu,2025,5,2025-05,29.103225806451615,30.2,9.47,82.83870967741936,31
Tuvalu,2025,6,2025-06,28.56,30.3,10.16,84.3,30
Tuvalu,2025,7,2025-07,28.683870967741935,29.4,9.74,82.06451612903226,31
Tuvalu,2025,8,2025-08,28.700000000000003,29.4,8.04,80.19354838709677,31
Tuvalu,2025,9,2025-09,28.27857142857143,29.4,7.83,81.85714285714286,28
Uganda,2024,5,2024-05,26.121875,28.0,0.4,67.0,16
Uganda,2024,6,2024-06,25.89333333333333,28.0,0.5599999999999999,64.13333333333334,30
Uganda,2024,7,2024-07,26.75,29.6,0.42,50.785714285714285,28
Uganda,2024,8,2024-08,26.529032258064515,29.7,0.77,45.70967741935484,31
Uganda,2024,9,2024-09,27.413333333333334,31.0,2.26,51.5,30
Uganda,2024,10,2024-10,27.148387096774194,30.2,4.91,54.67741935483871,31
Uganda,2024,11,2024-11,24.506666666666668,28.3,8.72,70.73333333333333,30
Uganda,2024,12,2024-12,27.251612903225805,30.2,6.05,52.74193548387097,31
Uganda,2025,1,2025-01,27.874193548387098,31.7,0.34,53.0,31
Uganda,2025,2,2025-02,30.139285714285712,32.6,0.02,44.25,28
Uganda,2025,3,2025-03,26.5,32.8,3.7800000000000002,62.45161290322581,31
Uganda,2025,4,2025-04,24.116666666666667,27.3,9.52,75.56666666666666,30
Uganda,2025,5,2025-05,24.490322580645163,27.4,17.490000000000002,74.3225806451613,31
Uganda,2025,6,2025-06,24.529999999999998,27.4,3.72,71.36666666666666,30
Uganda,2025,7,2025-07,24.335483870967742,27.5,2.89,71.41935483870968,31
Uganda,2025,8,2025-08,24.203225806451613,27.8,6.61,66.03225806451613,31
Uganda,2025,9,2025-09,25.939285714285713,29.2,2.12,61.392857142857146,28
Ukraine,2024,5,2024-05,20.2125,23.4,2.395,53.25,16
Ukraine,2024,6,2024-06,23.78666666666667,30.4,6.05,58.166666666666664,30
Ukraine,2024,7,2024-07,30.49655172413793,37.2,0.43,31.96551724137931,29
Ukraine,2024,8,2024-08,29.606451612903225,35.8,0.02,26.387096774193548,31
Ukraine,2024,9,2024-09,26.02,31.1,0.09,27.566666666666666,30
Ukraine,2024,10,2024-10,13.935483870967742,22.1,0.77,55.25806451612903,31
Ukraine,2024,11,2024-11,3.9099999999999997,10.8,2.04,68.73333333333333,30
Ukraine,2024,12,2024-12,1.7483870967741937,6.0,3.13,78.96774193548387,31
Ukraine,2025,1,2025-01,3.47741935483871,8.8,0.4,74.0,31
Ukraine,2025,2,2025-02,-1.5785714285714287,4.8,0.13,60.607142857142854,28
Ukraine,2025,3,2025-03,8.7,14.9,0.18,57.806451612903224,31
Ukraine,2025,4,2025-04,13.636666666666667,24.9,2.07,42.266666666666666,30
Ukraine,2025,5,2025-05,15.058064516129033,21.7,3.32,58.58064516129032,31
Ukraine,2025,6,2025-06,20.746666666666666,27.8,1.6500000000000001,56.766666666666666,30
Ukraine,2025,7,2025-07,25.274193548387096,32.4,4.09,48.29032258064516,31
Ukraine,2025,8,2025-08,23.806451612903224,30.4,0.27,40.45161290322581,31
Ukraine,2025,9,2025-09,20.32857142857143,26.1,0.5800000000000001,40.785714285714285,28
United Arab Emirates,2024,5,2024-05,35.21875,39.0,0.0,40.0625,16
United Arab Emirates,2024,6,2024-06,37.61333333333334,42.4,0.0,43.56666666666667,30
United Arab Emirates,2024,7,2024-07,37.50344827586206,42.1,0.0,51.172413793103445,29
United Arab Emirates,2024,8,2024-08,37.63870967741936,44.1,0.0,55.03225806451613,31
United Arab Emirates,2024,9,2024-09,38.88,42.3,0.0,38.63333333333333,30
United Arab Emirates,2024,10,2024-10,32.270967741935486,39.1,0.0,52.935483870967744,31
United Arab Emirates,2024,11,2024-11,29.083333333333332,32.2,0.0,55.833333333333336,30
United Arab Emirates,2024,12,2024-12,24.164516129032258,28.0,0.09,53.38709677419355,31
United Arab Emirates,2025,1,2025-01,23.296774193548387,26.1,0.0,47.67741935483871,31
United Arab Emirates,2025,2,2025-02,25.42142857142857,34.0,0.01,47.714285714285715,28
United Arab Emirates,2025,3,2025-03,29.470967741935485,36.3,0.0,32.064516129032256,31
United Arab Emirates,2025,4,2025-04,36.04666666666667,43.2,0.0,21.933333333333334,30
United Arab Emirates,2025,5,2025-05,39.245161290322585,46.2,0.0,25.64516129032258,31
United Arab Emirates,2025,6,2025-06,38.21,42.3,0.0,36.36666666666667,30
United Arab Emirates,2025,7,2025-07,40.99677419354839,46.4,0.0,33.935483870967744,31
United Arab Emirates,2025,8,2025-08,41.71290322580645,46.2,0.0,27.06451612903226,31
United Arab Emirates,2025,9,2025-09,38.417857142857144,42.3,0.0,38.857142857142854,28
United Kingdom,2024,5,2024-05,17.21875,22.0,2.365,64.40625,16
United Kingdom,2024,6,2024-06,19.71034482758621,28.1,1.9500000000000002,50.10344827586207,29
United Kingdom,2024,7,2024-07,20.95357142857143,31.1,1.73,60.32142857142857,28
United Kingdom,2024,8,2024-08,22.38064516129032,32.8,0.4,55.25806451612903,31
United Kingdom,2024,9,2024-09,17.209999999999997,24.4,2.83,73.36666666666666,30
United Kingdom,2024,10,2024-10,12.86774193548387,17.2,3.63,86.74193548387096,31
United Kingdom,2024,11,2024-11,8.133333333333333,16.0,4.02,87.36666666666666,30
United Kingdom,2024,12,2024-12,7.635483870967741,14.2,1.4,86.16129032258064,31
United Kingdom,2025,1,2025-01,4.490322580645161,12.1,2.36,88.25806451612904,31
United Kingdom,2025,2,2025-02,5.846428571428571,13.1,1.9100000000000001,86.5,28
United Kingdom,2025,3,2025-03,8.46774193548387,15.1,0.95,76.74193548387096,31
United Kingdom,2025,4,2025-04,11.92,18.2,0.09,68.56666666666666,30
United Kingdom,2025,5,2025-05,14.958064516129031,22.4,0.5700000000000001,66.80645161290323,31
United Kingdom,2025,6,2025-06,18.81,25.2,3.5,69.13333333333334,30
United Kingdom,2025,7,2025-07,19.76451612903226,27.2,1.7999999999999998,69.38709677419355,31
United Kingdom,2025,8,2025-08,17.596774193548388,23.4,3.64,74.93548387096774,31
United Kingdom,2025,9,2025-09,13.775,19.1,5.76,85.5,28
United States Of America,2024,5,2024-05,10.003125,16.1,0.0,62.65625,16
United States Of America,2024,6,2024-06,11.24,26.1,1.15,86.1,30
United States Of America,2024,7,2024-07,11.292592592592591,14.5,0.24000000000000002,94.92592592592592,27
United States Of America,2024,8,2024-08,11.361290322580645,14.3,2.86,91.70967741935483,31
United States Of America,2024,9,2024-09,11.176666666666668,14.1,0.24000000000000002,96.33333333333333,30
United States Of America,2024,10,2024-10,8.506666666666666,11.7,5.02,93.66666666666667,30
United States Of America,2024,11,2024-11,6.755172413793104,9.5,0.0,93.93103448275862,29
United States Of America,2024,12,2024-12,5.880645161290323,9.2,0.0,93.16129032258064,31
United States Of America,2025,1,2025-01,3.7866666666666666,7.2,1.62,89.86666666666666,30
United States Of America,2025,2,2025-02,3.132142857142857,7.8,5.54,92.14285714285714,28
United States Of America,2025,3,2025-03,6.248387096774193,10.1,2.21,93.54838709677419,31
United States Of America,2025,4,2025-04,7.91,11.7,0.0,84.53333333333333,30
United States Of America,2025,5,2025-05,9.493333333333334,12.2,1.48,84.86666666666666,30
United States Of America,2025,6,2025-06,10.99,16.2,0.0,86.4,30
United States Of America,2025,7,2025-07,12.648387096774194,17.2,0.0,86.45161290322581,31
United States Of America,2025,8,2025-08,14.803225806451614,21.7,0.0,83.80645161290323,31
United States Of America,2025,9,2025-09,12.510714285714286,16.4,0.0,91.28571428571429,28
Uruguay,2024,5,2024-05,12.125,15.0,0.15,78.0625,16
Uruguay,2024,6,2024-06,13.463333333333333,22.3,2.77,81.76666666666667,30
Uruguay,2024,7,2024-07,7.541379310344827,15.2,0.02,81.65517241379311,29
Uruguay,2024,8,2024-08,10.416129032258064,20.7,4.07,82.93548387096774,31
Uruguay,2024,9,2024-09,12.55,17.3,1.74,87.2,30
Uruguay,2024,10,2024-10,14.203225806451613,20.3,0.08,91.64516129032258,31
Uruguay,2024,11,2024-11,16.71333333333333,21.3,2.54,89.2,30
Uruguay,2024,12,2024-12,17.580645161290324,20.7,1.05,77.45161290322581,31
Uruguay,2025,1,2025-01,20.336666666666666,23.3,0.12000000000000001,82.3,30
Uruguay,2025,2,2025-02,20.814285714285713,25.0,0.9500000000000001,90.21428571428571,28
Uruguay,2025,3,2025-03,18.883870967741935,27.2,4.390000000000001,91.2258064516129,31
Uruguay,2025,4,2025-04,13.84,18.4,5.42,88.5,30
Uruguay,2025,5,2025-05,13.003225806451614,19.2,12.969999999999999,90.64516129032258,31
Uruguay,2025,6,2025-06,6.956666666666666,13.3,2.67,91.16666666666667,30
Uruguay,2025,7,2025-07,7.970967741935484,15.2,0.76,94.54838709677419,31
Uruguay,2025,8,2025-08,9.812903225806451,17.1,4.34,86.74193548387096,31
Uruguay,2025,9,2025-09,10.989285714285714,18.1,1.71,92.71428571428571,28
Usa United States Of America,2024,6,2024-06,24.53333333333333,24.53333333333333,0.53,66.0,1
Uzbekistan,2024,5,2024-05,23.84375,30.0,0.085,41.9375,16
Uzbekistan,2024,6,2024-06,33.873333333333335,39.4,0.04,19.866666666666667,30
Uzbekistan,2024,7,2024-07,35.93448275862069,41.0,0.06,17.482758620689655,29
Uzbekistan,2024,8,2024-08,35.52903225806452,42.3,0.0,15.935483870967742,31
Uzbekistan,2024,9,2024-09,28.25,32.4,0.0,19.933333333333334,30
Uzbekistan,2024,10,2024-10,20.919354838709676,29.3,3.9000000000000004,36.225806451612904,31
Uzbekistan,2024,11,2024-11,14.286666666666667,26.1,3.08,47.0,30
Uzbekistan,2024,12,2024-12,4.696774193548387,10.7,0.76,56.225806451612904,31
Uzbekistan,2025,1,2025-01,7.225806451612903,15.3,0.21000000000000002,50.354838709677416,31
Uzbekistan,2025,2,2025-02,9.903571428571428,20.3,0.04,48.107142857142854,28
Uzbekistan,2025,3,2025-03,16.5,29.2,3.31,40.25806451612903,31
Uzbekistan,2025,4,2025-04,25.733333333333334,36.1,0.01,30.4,30
Uzbekistan,2025,5,2025-05,32.00967741935484,39.3,0.0,19.967741935483872,31
Uzbekistan,2025,6,2025-06,34.80333333333333,40.1,0.05,18.3,30
Uzbekistan,2025,7,2025-07,37.21290322580645,42.3,0.0,16.387096774193548,31
Uzbekistan,2025,8,2025-08,34.05806451612903,38.3,0.0,19.451612903225808,31
Uzbekistan,2025,9,2025-09,29.12142857142857,34.1,0.0,21.785714285714285,28
Vanuatu,2024,5,2024-05,23.175,25.7,2.23,88.5,16
Vanuatu,2024,6,2024-06,22.841379310344827,25.1,1.55,90.70689655172414,29
Vanuatu,2024,7,2024-07,22.516,26.1,2.69,83.56,25
Vanuatu,2024,8,2024-08,21.532258064516128,24.3,0.95,85.12903225806451,31
Vanuatu,2024,9,2024-09,22.503333333333334,25.3,2.35,89.7,30
Vanuatu,2024,10,2024-10,23.483870967741936,25.3,2.57,88.64516129032258,31
Vanuatu,2024,11,2024-11,24.91,27.4,6.35,89.4,30
Vanuatu,2024,12,2024-12,26.019354838709678,28.0,10.879999999999999,87.38709677419355,31
Vanuatu,2025,1,2025-01,25.51290322580645,27.3,9.52,93.3225806451613,31
Vanuatu,2025,2,2025-02,26.50357142857143,28.4,21.4,91.57142857142857,28
Vanuatu,2025,3,2025-03,25.874193548387098,26.4,15.950000000000001,93.16129032258064,31
Vanuatu,2025,4,2025-04,25.936666666666667,27.4,10.94,92.23333333333333,30
Vanuatu,2025,5,2025-05,24.458064516129035,26.4,12.92,91.09677419354838,31
Vanuatu,2025,6,2025-06,23.716666666666665,26.3,3.0700000000000003,89.83333333333333,30
Vanuatu,2025,7,2025-07,22.603225806451615,25.1,5.66,88.7741935483871,31
Vanuatu,2025,8,2025-08,23.529032258064515,26.3,4.2,83.80645161290323,31
Vanuatu,2025,9,2025-09,23.72142857142857,26.1,1.72,83.14285714285714,28
Vatican City,2024,5,2024-05,24.0,27.0,0.01,52.5,16
Vatican City,2024,6,2024-06,29.23,36.9,0.65,39.03333333333333,30
Vatican City,2024,7,2024-07,34.272413793103446,37.7,0.06,33.13793103448276,29
Vatican City,2024,8,2024-08,34.71935483870968,36.8,0.08,34.70967741935484,31
Vatican City,2024,9,2024-09,25.493333333333332,35.1,3.83,56.43333333333333,30
Vatican City,2024,10,2024-10,20.883870967741935,24.3,4.16,72.80645161290323,31
Vatican City,2024,11,2024-11,13.923333333333334,19.0,0.4,74.76666666666667,30
Vatican City,2024,12,2024-12,10.24516129032258,13.4,3.07,70.06451612903226,31
Vatican City,2025,1,2025-01,12.019354838709678,16.3,2.39,75.25806451612904,31
Vatican City,2025,2,2025-02,11.396428571428572,15.2,1.3900000000000001,76.78571428571429,28
Vatican City,2025,3,2025-03,13.738709677419356,18.1,2.15,72.93548387096774,31
Vatican City,2025,4,2025-04,16.96333333333333,22.4,1.6600000000000001,68.9,30
Vatican City,2025,5,2025-05,20.44516129032258,25.2,2.51,64.06451612903226,31
Vatican City,2025,6,2025-06,28.506666666666668,32.2,0.21,46.833333333333336,30
Vatican City,2025,7,2025-07,28.509677419354837,34.9,1.36,49.12903225806452,31
Vatican City,2025,8,2025-08,27.212903225806453,33.4,2.8099999999999996,56.70967741935484,31
Vatican City,2025,9,2025-09,22.24285714285714,26.2,6.57,73.89285714285714,28
Venezuela,2024,5,2024-05,28.5375,31.0,3.325,76.5625,16
Venezuela,2024,6,2024-06,27.283333333333335,31.0,5.35,79.56666666666666,30
Venezuela,2024,7,2024-07,24.862068965517242,29.2,1.81,78.3103448275862,29
Venezuela,2024,8,2024-08,24.774193548387096,30.3,0.74,75.06451612903226,31
Venezuela,2024,9,2024-09,26.896666666666665,30.2,2.59,76.1,30
Venezuela,2024,10,2024-10,18.983333333333334,25.4,2.81,91.43333333333334,30
Venezuela,2024,11,2024-11,17.92758620689655,19.0,2.08,92.06896551724138,29
Venezuela,2024,12,2024-12,17.374193548387098,19.4,0.31,90.90322580645162,31
Venezuela,2025,1,2025-01,21.93,25.2,0.71,76.4,30
Venezuela,2025,2,2025-02,23.65357142857143,25.1,0.0,71.64285714285714,28
Venezuela,2025,3,2025-03,23.896774193548385,25.2,1.28,75.2258064516129,31
Venezuela,2025,4,2025-04,24.21333333333333,26.1,2.01,80.06666666666666,30
Venezuela,2025,5,2025-05,25.419354838709676,26.4,9.61,81.41935483870968,31
Venezuela,2025,6,2025-06,24.56,26.0,3.56,82.1,30
Venezuela,2025,7,2025-07,22.251612903225805,25.3,1.3,88.16129032258064,31
Venezuela,2025,8,2025-08,23.05483870967742,26.2,12.17,89.80645161290323,31
Venezuela,2025,9,2025-09,23.321428571428573,26.3,1.55,88.85714285714286,28
Vietnam,2024,5,2024-05,28.4375,33.0,6.135000000000001,84.25,16
Vietnam,2024,6,2024-06,29.10666666666667,35.1,27.509999999999998,82.86666666666666,30
Vietnam,2024,7,2024-07,27.977586206896554,33.4,12.79,86.6896551724138,29
Vietnam,2024,8,2024-08,27.574193548387097,29.75,6.245,86.37096774193549,31
Vietnam,2024,9,2024-09,27.925,30.85,30.72,84.16666666666667,30
Vietnam,2024,10,2024-10,28.26451612903226,30.5,1.8749999999999998,63.61290322580645,31
Vietnam,2024,11,2024-11,26.506666666666668,31.45,0.905,57.7,30
Vietnam,2024,12,2024-12,19.670967741935485,23.75,0.23500000000000001,66.87096774193549,31
Vietnam,2025,1,2025-01,20.603225806451615,25.8,0.05,52.96774193548387,31
Vietnam,2025,2,2025-02,20.285714285714285,28.0,0.47500000000000003,70.60714285714286,28
Vietnam,2025,3,2025-03,26.31935483870968,32.75,0.735,52.70967741935484,31
Vietnam,2025,4,2025-04,29.418333333333337,35.400000000000006,4.555,59.13333333333333,30
Vietnam,2025,5,2025-05,30.67258064516129,38.2,11.735000000000001,66.30645161290323,31
Vietnam,2025,6,2025-06,31.128333333333334,36.85,14.135,73.35,30
Vietnam,2025,7,2025-07,31.356451612903225,35.05,23.775,74.74193548387096,31
Vietnam,2025,8,2025-08,30.77741935483871,35.6,19.82,74.58064516129032,31
Vietnam,2025,9,2025-09,32.31428571428571,36.3,9.93,67.17857142857143,28
Yemen,2024,5,2024-05,26.321875,27.6,0.3,19.75,16
Yemen,2024,6,2024-06,26.836666666666666,29.4,0.9900000000000001,20.4,30
Yemen,2024,7,2024-07,24.553571428571427,29.3,6.4399999999999995,34.785714285714285,28
Yemen,2024,8,2024-08,23.703225806451613,27.6,13.16,42.70967741935484,31
Yemen,2024,9,2024-09,25.44,27.0,0.43,19.8,30
Yemen,2024,10,2024-10,22.44516129032258,24.2,0.5800000000000001,24.93548387096774,31
Yemen,2024,11,2024-11,19.896666666666665,22.4,0.02,24.666666666666668,30
Yemen,2024,12,2024-12,20.838709677419356,22.4,0.04,16.451612903225808,31
Yemen,2025,1,2025-01,20.493548387096773,22.9,0.0,20.677419354838708,31
Yemen,2025,2,2025-02,23.217857142857145,24.3,0.0,16.428571428571427,28
Yemen,2025,3,2025-03,22.296774193548387,24.6,0.30000000000000004,25.774193548387096,31
Yemen,2025,4,2025-04,23.873333333333335,25.3,0.2,18.666666666666668,30
Yemen,2025,5,2025-05,25.783870967741933,28.8,0.27,15.709677419354838,31
Yemen,2025,6,2025-06,26.89333333333333,29.4,0.0,12.4,30
Yemen,2025,7,2025-07,27.151612903225807,28.9,0.0,17.419354838709676,31
Yemen,2025,8,2025-08,24.664516129032258,27.7,2.57,32.03225806451613,31
Yemen,2025,9,2025-09,23.675,25.9,1.62,28.0,28
Zambia,2024,5,2024-05,23.96875,27.3,0.0,31.75,16
Zambia,2024,6,2024-06,24.14,30.0,0.01,27.5,30
Zambia,2024,7,2024-07,27.67241379310345,29.9,0.0,14.03448275862069,29
Zambia,2024,8,2024-08,28.27741935483871,32.7,0.0,15.612903225806452,31
Zambia,2024,9,2024-09,30.13,35.2,0.02,19.366666666666667,30
Zambia,2024,10,2024-10,29.187096774193552,34.7,0.24,26.225806451612904,31
Zambia,2024,11,2024-11,28.566666666666666,33.3,2.96,40.6,30
Zambia,2024,12,2024-12,31.112903225806452,37.4,4.86,32.67741935483871,31
Zambia,2025,1,2025-01,23.358064516129033,29.3,18.87,73.09677419354838,31
Zambia,2025,2,2025-02,23.575,27.5,14.45,75.64285714285714,28
Zambia,2025,3,2025-03,23.503225806451614,25.3,4.140000000000001,67.25806451612904,31
Zambia,2025,4,2025-04,23.626666666666665,28.8,1.17,60.833333333333336,30
Zambia,2025,5,2025-05,21.729032258064517,27.7,0.18000000000000002,49.45161290322581,31
Zambia,2025,6,2025-06,21.456666666666667,25.4,0.0,40.36666666666667,30
Zambia,2025,7,2025-07,19.29032258064516,24.7,0.1,42.54838709677419,31
Zambia,2025,8,2025-08,22.44193548387097,27.2,0.0,26.548387096774192,31
Zambia,2025,9,2025-09,26.907142857142855,30.9,0.0,23.071428571428573,28
Zimbabwe,2024,5,2024-05,23.271875,25.1,0.0,23.84375,16
Zimbabwe,2024,6,2024-06,22.403333333333332,27.9,0.030000000000000002,25.2,30
Zimbabwe,2024,7,2024-07,25.81111111111111,28.2,0.0,12.148148148148149,27
Zimbabwe,2024,8,2024-08,26.593548387096774,30.1,0.0,13.580645161290322,31
Zimbabwe,2024,9,2024-09,28.40666666666667,33.0,0.0,17.366666666666667,30
Zimbabwe,2024,10,2024-10,26.67096774193548,32.4,0.22,26.806451612903224,31
Zimbabwe,2024,11,2024-11,27.383333333333333,31.5,2.43,36.3,30
Zimbabwe,2024,12,2024-12,29.393548387096775,34.8,5.3100000000000005,31.483870967741936,31
Zimbabwe,2025,1,2025-01,23.37741935483871,28.4,11.82,65.51612903225806,31
Zimbabwe,2025,2,2025-02,24.857142857142858,28.8,10.23,59.17857142857143,28
Zimbabwe,2025,3,2025-03,24.093548387096774,26.2,4.7700000000000005,52.96774193548387,31
Zimbabwe,2025,4,2025-04,23.133333333333333,28.1,3.61,54.1,30
Zimbabwe,2025,5,2025-05,20.916129032258063,24.8,0.1,39.354838709677416,31
Zimbabwe,2025,6,2025-06,19.64,23.9,0.0,37.7,30
Zimbabwe,2025,7,2025-07,17.603225806451615,22.0,0.0,38.96774193548387,31
Zimbabwe,2025,8,2025-08,20.258064516129032,24.6,0.0,25.774193548387096,31
Zimbabwe,2025,9,2025-09,24.789285714285715,29.0,0.0,22.107142857142858,28
Гватемала,2024,7,2024-07,15.9,15.9,0.0,95.0,1
Польша,2024,7,2024-07,24.2,24.2,0.0,56.0,1
Турция,2024,7,2024-07,34.0,34.0,0.0,44.0,1
كولومبيا,2024,7,2024-07,23.1,23.1,0.05,95.0,1
火鸡,2024,7,2024-07,29.7,29.7,0.0,24.0,1
